;E_expect (kJ/mol);E_vac_expect (kJ/mol);Hvap_bootstrap (kJ/mol);Hvap_expect (kJ/mol);N_eff;Vol_bootstrap (mL/mol);Vol_expect (mL/mol);dE_expect (kJ/mol);dE_vac_expect (kJ/mol);dHvap_bootstrap (kJ/mol);dHvap_expect (kJ/mol);dVol_bootstrap (mL/mol);dVol_expect (mL/mol);epsilon values;rmin_half values
0;12663.365468233702;84.70939273854725;36.52016682387027;36.515892908537424;848.0000000002698;108.94067534930815;108.9401690597967;7.632865124039588;0.2538265928951459;0.2723371673305648;0.2556562327683575;0.03497083545668996;0.03503603462423755;0.1094;1.908
1;12491.384899065031;86.67374312808788;39.22684115690647;39.16836136597981;6.085441116437488;107.0372028911727;107.00164205881755;66.05966832746743;0.2558759581274992;0.3865046358661352;0.3678241190741388;0.1409858426676912;0.12224432094318012;0.1157;1.923
2;12541.96802318844;86.10970171522587;38.404602055828;38.401939546763906;29.958861904259425;107.48957584345006;107.47599711072785;33.79089449500491;0.2547740534864697;0.3031364984691964;0.28840771715029456;0.1256885692291751;0.1289247668199253;0.1126;1.92
3;12441.182299261229;86.36574808125309;39.10292109816554;39.06117626546398;7.797657557601743;107.03472696492949;107.00612618037931;62.31381457355936;0.2553061157389954;0.371592047401874;0.3568044235430049;0.1286735231243556;0.11664512802427718;0.1157;1.92
4;12628.788158620551;86.71776038039265;38.67498396727403;38.662721559925345;15.743637250212293;107.45918679537529;107.43748500115295;43.818611813109385;0.2557863707524572;0.3239880655310403;0.31007708658705896;0.16821901808765727;0.17261759422916867;0.1126;1.926
5;12583.712064899399;86.41135236072306;38.54339693244162;38.53661704890479;21.032746617778507;107.46355217018463;107.44606159069522;39.204308425793364;0.2552339653891185;0.3135631266785745;0.2995597137499829;0.14550965233134833;0.14930555006514454;0.1126;1.923
6;12542.363879503986;86.98658973294664;39.35359280394757;39.27729188698686;4.928517822142969;107.04753603213592;107.00324696862423;68.0879546309514;0.2565409626040245;0.3996695931688118;0.3741507433093279;0.15612697811673873;0.12981217484993526;0.1157;1.926
7;12486.763928497596;86.23788095449034;38.76825852218335;38.750963037407395;14.06416187173084;107.22277463618136;107.200030619313;48.67695642831272;0.2550260422774166;0.3334049684578185;0.3208573200238933;0.1332480381243406;0.13255896219852992;0.11415;1.92
8;12582.071561748997;86.85234201362347;39.023051586536724;38.98419522817522;8.234977833879848;107.22048497287709;107.18354903230178;57.60574377374786;0.2561494908100295;0.3584043305942662;0.3445392711425592;0.1680372477558834;0.1613531690920377;0.11415;1.926
9;12533.573321300415;86.54270916071914;38.896009461052365;38.8685551150252;10.500618245901741;107.21496428845795;107.1857474482778;53.83776268281501;0.2555408573005119;0.34656967449528664;0.3341813953793117;0.14919244351072816;0.14575843813876535;0.11415;1.923
10;12663.365468233702;84.70939273854725;36.52067692598313;36.515892908537424;848.0000000002698;108.93860048110069;108.9401690597967;7.632865124408334;0.2538265928951464;0.2539472649061193;0.2556562327685341;0.036158089337792056;0.03503603462424086;0.1094;1.908
11;12646.63362789843;84.08022015922117;35.95901439140511;35.953611353856495;455.91158321807677;109.29679950629419;109.29993832630156;10.821502167256694;0.2541410870438949;0.2562718370425765;0.2578010292703103;0.04738340177152133;0.04694758863864202;0.1094;1.901
12;12634.980758743335;83.774413894421;35.70012809142044;35.69440133132056;258.13697562769164;109.4468092942347;109.45077353570385;14.20499090909389;0.2544625509878413;0.2593578392668106;0.26072916630194365;0.06053403014924472;0.06073415943669065;0.1094;1.8975
13;12519.92457715952;83.8841632739657;36.270449951732715;36.26442628810351;369.12118803229134;108.94433777686665;108.94729924866111;11.243910977944058;0.2542751745446527;0.25672934797046265;0.25822213878508704;0.0479382189454243;0.048253763998164216;0.111;1.8975
14;12527.21291236245;84.19340985351252;36.54978979527007;36.544536495853976;580.0012694753866;108.77731365160999;108.77928919534828;9.16499122255976;0.2540097394200548;0.2550497151359323;0.2566415803441813;0.039165492827957435;0.03905705831323483;0.111;1.901
15;12400.433018525448;83.68684553773271;36.55155332677474;36.54510724660457;228.97956036315566;108.62357685368214;108.62591115195673;13.175854303865925;0.25443800536605543;0.2583885471081621;0.25983908249154936;0.05229692653481847;0.05350758585335405;0.1126;1.894
16;12510.842581418765;83.58072541987329;36.00390016925474;35.99730138711492;215.11816261160317;109.09241482282738;109.0961097357638;14.208244077036431;0.2546489920763978;0.2595528283446675;0.2609139636009297;0.0620082882590948;0.06291586512049445;0.111;1.894
17;12409.546591562563;84.30632574803596;37.13218238158253;37.128167738267564;457.40546401814964;108.28380391568464;108.28359918949705;10.486173713560225;0.2539095040018634;0.25564931250490186;0.25735072113469515;0.04314735710007657;0.04390056389440504;0.1126;1.901
18;12404.90428411668;83.99365013372349;36.83920157166318;36.8340430130674;357.87734405107886;108.46397858585723;108.46518999382627;11.213699057114859;0.2541188870727158;0.25650302516074386;0.2580472079532685;0.04403998833984943;0.045052359081817074;0.1126;1.8975
19;12620.436562175393;83.47435368958158;35.45855295399571;35.452504702357004;144.51816103097647;109.57663129649349;109.58156953467041;18.572759739926106;0.2548910513621116;0.2644023262006552;0.2654969050600729;0.07747607641757638;0.07813786678479773;0.1094;1.894
20;12663.365468242695;84.70939273854725;36.53126309328773;36.51589290850143;848.0000000002698;108.94009797752508;108.9401690597967;7.632865124125308;0.25382659289514603;0.25242513959192925;0.2556562327683985;0.03534118044429975;0.035036034624241416;0.1094;1.908
21;12541.968022877832;86.10970171522587;38.43137140017236;38.4019395480066;29.95886179505974;107.49780229738502;107.47599710838469;33.79089457461982;0.2547740534864742;0.2820447730196398;0.288407717299546;0.1279019024032952;0.12892476675240966;0.1126;1.92
22;12441.182299236621;86.36574808125309;39.14210230452114;39.06117626556241;7.797657555985658;107.04380647505769;107.00612618020786;62.313814585363644;0.25530611573899153;0.3548661637921257;0.3568044235759869;0.13966339750936355;0.1166451279902612;0.1157;1.92
23;12472.636811774211;85.520461210286;38.11002053532073;38.09000929936034;76.53636580869558;107.63130830109164;107.62043394866474;22.252314277750358;0.2541252235763781;0.2644724051171459;0.2692624689773004;0.092353755459386;0.09421827141293544;0.1126;1.914
24;12504.521825694499;85.81275555659752;38.278716240302494;38.25477247162135;46.00033520015644;107.54854198269229;107.53249701151657;27.939400325891146;0.25440499477649586;0.27228526218561083;0.2778698669191546;0.10917838962999142;0.11083507874551927;0.1126;1.917
25;12344.335105677827;85.76409848773787;38.893769673902156;38.84691146152989;14.434893880854627;107.07077979602066;107.04557917503573;50.02890346249952;0.2544449889301638;0.3190080400007028;0.3237105364639587;0.11866932084119775;0.10825691056396032;0.1157;1.914
26;12391.991490154453;86.06255102731201;39.01736608028428;38.95474110971097;10.389939328120226;107.05029249602005;107.01937607141676;56.86386406359228;0.2548296821571162;0.33721616432521856;0.3415759822012451;0.12852094510255202;0.11226395327070593;0.1157;1.917
27;12442.227471483078;85.93780416700396;38.66804082360542;38.62902899586042;19.91996775283166;107.25576311209034;107.23054664556659;42.34236951542449;0.2546033482272886;0.2993482715076661;0.3057922255009667;0.12512514910686248;0.12101752828231956;0.11415;1.917
28;12401.0045830135;85.64242559075342;38.528015555461884;38.49853668085056;30.049286956744076;107.30190721611498;107.28294899853573;35.351684927567206;0.2542711594521969;0.28550745560887403;0.29094619552164;0.11174839818050923;0.11019234753739583;0.11415;1.914
29;12486.763928430639;86.23788095449034;38.80173351563458;38.750963037675135;14.064161891913937;107.23238703674286;107.20003062020315;48.676956402605974;0.2550260422774148;0.3139486716078947;0.32085731996149275;0.13993946756692385;0.13255896228710246;0.11415;1.92
30;12663.365468238198;84.70939273854725;36.52192979417062;36.51589290851942;848.0000000002698;108.94026179232719;108.9401690597967;7.63286512430357;0.2538265928951458;0.2541783893470611;0.2556562327684835;0.03539855445876841;0.03503603462424085;0.1094;1.908
31;12603.45975314034;83.17995946559313;35.2358362224685;35.226006281957204;84.79554967079244;109.68998252089304;109.69476311449681;23.73581801212563;0.2554248260138399;0.27065214389739856;0.2724996637593207;0.0968856838784464;0.09774766239756108;0.1094;1.8905
32;12697.59824516615;82.77859589079324;34.477383419426914;34.44803565664021;25.935832982144646;110.19833186196185;110.22033156864529;43.07053368064285;0.25649134486391784;0.3033090068219833;0.30898049150559986;0.13521467614038213;0.13874625662186146;0.1076;1.887
33;12620.436561968623;83.47435368958158;35.4604710924859;35.4525047031842;144.51816129848697;109.57902016332814;109.58156953351023;18.57275972555773;0.25489105136210893;0.2639190317427273;0.2654969050439883;0.07792494082116623;0.07813786674613217;0.1094;1.894
34;12717.871168848513;83.06372907000343;34.6723438715251;34.65208399372081;40.07710168474105;110.13732658130644;110.15248404524831;35.42904833760023;0.2557954191158444;0.2883758588509993;0.29242909575249804;0.11601682489622335;0.11891289413875406;0.1076;1.8905
35;12850.836174676133;83.23407852885873;34.31806711923751;34.29054262182385;28.589104391208163;110.43872961135172;110.45750822136992;40.998696002332025;0.25555396339371433;0.297981302133422;0.3036480158469914;0.1146710421514402;0.11686217886517168;0.1058;1.894
36;12828.165154228413;82.94718428706696;34.1350802556485;34.0943282694311;18.430660577349308;110.47236030395013;110.4990170513527;49.21944874096381;0.2562077751259885;0.3157430668392345;0.32311498009230544;0.1294041869804384;0.1310570997684815;0.1058;1.8905
37;12585.154386434973;82.89115251856856;35.023327986881924;35.01041077859452;53.05924744087738;109.7858568176417;109.79400231825035;29.49769331474136;0.2560621667094794;0.2796235271674476;0.2819390996951447;0.11680183586761403;0.11827724025318898;0.1094;1.887
38;12738.995885069447;83.35438024668103;34.87228408828835;34.85824424702385;65.88402754642163;110.06401331960976;110.07385524147315;28.238113619385338;0.25520161768473265;0.27631351395260256;0.2790808534151146;0.09756009848698624;0.09975127958327333;0.1076;1.894
39;12808.04437920835;82.66573833507861;33.95132470628729;33.893361656621465;12.573398754796038;110.50015968061098;110.53625370057767;57.16192731001565;0.2569622641757353;0.3360816638309284;0.34396130649590323;0.14495821472496406;0.14528505691056245;0.1058;1.887
40;12663.365468238198;84.70939273854725;36.53345087100737;36.51589290851942;848.0000000002698;108.93914400325909;108.9401690597967;7.632865124033291;0.25382659289514586;0.2483573001661897;0.2556562327683544;0.03242904393586921;0.035036034624198416;0.1094;1.908
41;13172.412765631077;85.39265473401144;35.21854030590372;35.16278613967456;24.185400640231748;110.62580805502064;110.71813675805937;41.54739643360793;0.25391986586636706;0.2942675774104268;0.30347039115325386;0.37930429803908666;0.3983266955928986;0.104;1.92
42;12994.234390577487;85.54357533791696;36.050589043783006;36.02651955118744;168.02970175223527;109.7222652178982;109.73489524317628;18.859865635371584;0.25401873435878525;0.2572888441088064;0.26498420734679945;0.1435647142736836;0.1499678614185766;0.1058;1.92
43;13390.112505935856;85.80579597480364;34.848977708391985;34.70504044636925;4.526035238764046;111.28160563150524;111.5891553561955;57.89449982218977;0.2541382183124094;0.36312723986995865;0.3438235113893676;0.6417961982308985;0.5620522888712021;0.1022;1.926
44;13367.854791382237;85.52131922803329;34.64325930627767;34.509587537369946;4.414084523086517;111.35582555983385;111.6586646969217;51.79774688787953;0.25396003483831514;0.3462055965562001;0.3277557132545713;0.6220320932914095;0.5380676783185021;0.1022;1.923
45;13195.986935446754;85.96478468255556;35.6926876268183;35.640649008637595;27.20870678019556;110.35040505942476;110.42507060365166;43.74656184490449;0.2543196484572065;0.2992966117513244;0.3087048296067562;0.3611369614822828;0.3782046619833251;0.104;1.926
46;13004.338632400557;85.83115590493264;36.29686063082275;36.27370020503982;124.67963713964062;109.55664197588142;109.56604248110364;19.27971229025063;0.25423902640829443;0.2581810192517632;0.2656779999414645;0.13697520726981371;0.14277417000195272;0.1058;1.923
47;13018.729740739485;86.12328329744732;36.530995749672826;36.508280256786755;75.94151115061159;109.39098850842596;109.39680893692936;21.289966379858416;0.25454622985577885;0.2612181427290451;0.26841383351580195;0.13340130252570134;0.13775178610754193;0.1058;1.926
48;13339.940504651397;85.24127552830717;34.45639338966599;34.34120090689844;4.83724293185079;111.38626968362348;111.65943369453835;46.431701260803706;0.2538659400003291;0.3275767497608728;0.3145510519584468;0.5803287402299947;0.5129777871649365;0.1022;1.92
49;13186.156691968292;85.67647464159627;35.448530989046525;35.39164238500023;24.73730887667156;110.50928177737877;110.59889824633059;44.04935499635074;0.2540770123910501;0.2993898521895161;0.3091935650921344;0.3836750999173985;0.4033131098945011;0.104;1.923
50;12663.365468233702;84.70939273854725;36.52093852492706;36.515892908537424;848.0000000002698;108.94047274873907;108.9401690597967;7.632865124257883;0.2538265928951458;0.249696148992004;0.2556562327684617;0.03428902291597125;0.03503603462424131;0.1094;1.908
51;12385.869318304605;83.09052517240724;36.0133386516512;36.00701458795792;89.11194186933966;108.89679263731821;108.89417060295366;18.719324349022738;0.2553981732509871;0.2600767462116339;0.2661481479147753;0.0872635004355772;0.0846990562874232;0.1126;1.887
52;12400.433019498465;83.68684553773271;36.54990259592422;36.545107242712895;228.97955964020176;108.62864231175092;108.62591114790344;13.175854288522956;0.2544380053660559;0.2539092976660084;0.25983908247910165;0.05399042087597891;0.0535075858694775;0.1126;1.894
53;12195.370828447734;83.28279838714478;36.968821483399076;36.961355783644144;81.51202715117523;108.16782281502199;108.16128425451645;20.27454737320629;0.25487019625820384;0.2620556645542379;0.2674616483311068;0.06657182877071023;0.06879806820098645;0.1157;1.887
54;12187.855666679323;83.89174890081077;37.60345975408125;37.60039968181321;152.23969177323497;107.84179723176216;107.83715128963509;18.041833064161374;0.2541144901180231;0.2582101820837936;0.26416339256241883;0.059954216577292385;0.0603088590676384;0.1157;1.894
55;12290.73673127429;83.18676717671298;36.490465764370434;36.483826628853436;86.70926471114338;108.50682031192363;108.50121546905928;18.527187767993947;0.25512038913798746;0.25999406135744824;0.26566618149799515;0.07175740382120338;0.07164340642786629;0.11415;1.887
56;12293.42254940344;83.48520554634115;36.77703931048555;36.77153531693057;133.1489889360251;108.37146673996469;108.36665145380721;16.369937524634455;0.2546377286442565;0.25721155460985273;0.2629219856908109;0.059700954085363286;0.0606519456482292;0.11415;1.8905
57;12191.979629692094;83.58436019122855;37.28199549571781;37.27649751337306;116.42549098654612;108.01691155569976;108.01147611015683;18.73338612247207;0.2544380347065041;0.2595512542333919;0.2652428125963981;0.060172974202165636;0.06176962263157885;0.1157;1.8905
58;12294.112988867117;83.78941223755842;37.07721482142809;37.072995827348144;201.2912755981167;108.21638050916836;108.21242318637451;14.51351756522047;0.2542624392492562;0.2549537450102237;0.2608057957862128;0.052029830173004415;0.05317359614009412;0.11415;1.894
59;12394.45086769468;83.38583058031566;36.273596499468695;36.2680065969287;140.1105826622123;108.77033529967144;108.76745156661808;15.765653923212538;0.2548650247853484;0.2566115028822306;0.2625510891291085;0.06884500333126642;0.06716691174880424;0.1126;1.8905
60;12663.365468233702;84.70939273854725;36.52981318835169;36.515892908537424;848.0000000002698;108.94133383218241;108.9401690597967;7.632865123901074;0.2538265928951444;0.2583927602143328;0.25565623276828986;0.034757165138185026;0.035036034624241034;0.1094;1.908
61;12335.35891212314;85.06555166531649;38.19532618825633;38.18422592288991;82.57529044304431;107.4849293213433;107.4761775645548;22.761231806160808;0.25387220156579515;0.27195699157339875;0.26970404813225834;0.08654241571573486;0.08728788787161326;0.11415;1.908
62;12416.741298944286;84.62495432197376;37.430872680357105;37.41803735041986;400.69127196763816;108.08957952335831;108.08688887900576;11.39495656224218;0.25381175854933336;0.2606080992663439;0.2578719243447043;0.05220654755129514;0.050919979630565285;0.1126;1.9045
63;12299.4098523737;84.41545487218207;37.689156156381365;37.67788861352747;243.1448198414913;107.84448298265708;107.84009069109769;14.996871937202823;0.25384127135178425;0.2634696849221288;0.2608330687710922;0.060747092399277065;0.059932792315865964;0.11415;1.901
64;12197.306805789389;84.52433360489816;38.203150790185205;38.195218883823344;99.3928084156769;107.45886511083506;107.45047442822948;22.785750556731195;0.2538007065696128;0.2717700941206579;0.2696698825860132;0.07888901132637699;0.07907304296947734;0.1157;1.901
65;12258.915573192859;85.18121408214976;38.61817339845491;38.60569347671769;32.211111251554044;107.1766009559995;107.16151149147088;35.194468297747804;0.25394452921337524;0.2916437910842519;0.2903553574439286;0.09766426181815337;0.09841900978384303;0.1157;1.908
66;12429.634136350656;84.94961726677188;37.70389885040029;37.691148698560184;241.58121840325055;107.89508982382247;107.89131494119391;13.896769371578126;0.2538276346841383;0.2624289834684948;0.2598430129036833;0.06535277632902126;0.06420395792371551;0.1126;1.908
67;12221.214471343792;84.84969553450472;38.43347199784052;38.42496691565805;56.37622555040959;107.29597227606274;107.28448981695549;28.048916009045683;0.2538143831683017;0.27936175522803197;0.27750605077047363;0.089037605024344;0.08998426976329722;0.1157;1.9045
68;12311.787156708479;84.73745544331906;37.96093049514906;37.95039960060111;154.19487531566682;107.65175945269648;107.64570182214113;17.95492102711815;0.25379921649520576;0.2661944078857858;0.2637652542947127;0.07314887675469757;0.07284689778282162;0.11415;1.9045
69;12409.546588474328;84.30632574803596;37.141198696106464;37.12816775062221;457.4054594913987;108.2859074968575;108.28359917251332;10.486173697116364;0.2539095040018626;0.2602923114550137;0.25735072112397384;0.04460560251062109;0.043900564455636386;0.1126;1.901
70;12663.365468238198;84.70939273854725;36.51412597449207;36.51589290851942;848.0000000002698;108.93871824768473;108.9401690597967;7.632865124033124;0.25382659289514586;0.26280637074692165;0.2556562327683544;0.03458442803087382;0.035036034624240965;0.1094;1.908
71;12620.436562026787;83.47435368958158;35.448687792147346;35.4525047029514;144.51816098284402;109.58379730540204;109.58156953484637;18.572759746068343;0.25489105136211354;0.273078394795412;0.2654969050669497;0.07808997829441489;0.07813786679062526;0.1094;1.894
72;12900.335914667745;83.82452181552094;34.68260053621775;34.68299739784162;79.10358099937999;110.34661541013472;110.35404958763651;26.087114403363362;0.25455502354954496;0.2824750735352542;0.2751124510295267;0.09423710620316426;0.09437553266040384;0.1058;1.901
73;12875.312195899336;83.52649819732926;34.48644940867486;34.48506301608328;46.76125514503337;110.4008635496607;110.40987770910772;33.101644789125004;0.2550024832653454;0.294460125464282;0.2873286772765948;0.1042888171616172;0.10388882916605832;0.1058;1.8975
74;12646.633625710245;84.08022015922117;35.95082851812133;35.95361136261073;455.91158334830885;109.30050199053774;109.29993831143379;10.821502062381386;0.2541410870438901;0.2651702614545973;0.25780102919986936;0.04593348912404116;0.046947588871885035;0.1094;1.901
75;12850.836174614764;83.23407852885873;34.29699547060789;34.290542622069346;28.589104430517;110.4451590831336;110.45750822108096;40.998695979696414;0.2555539633937118;0.3102223219670925;0.303648015798089;0.11773554185838048;0.1168621788220423;0.1058;1.894
76;12778.012648200838;83.9525495730472;35.29798267413349;35.30036724457661;206.27715178045582;109.86684762116616;109.86866997230624;16.525100731481633;0.25432714498077363;0.27031774051364604;0.26277663516307953;0.06743800195350337;0.06758027838471978;0.1076;1.901
77;12634.980757149311;83.774413894421;35.69099340331372;35.69440133769714;258.1369762889016;109.45243788609824;109.45077353091185;14.204991007705324;0.2544625509878415;0.2681942382282593;0.2607291663879042;0.060221192512261476;0.060734159527305036;0.1094;1.8975
78;12759.543604396775;83.65062730994916;35.069680199108575;35.07230986117171;114.683579590437;109.9783605355413;109.98050683507324;21.835129528316845;0.2547116185450933;0.2769644401039525;0.2692700777940152;0.0826806583723888;0.08226755503770919;0.1076;1.8975
79;12738.995885092949;83.35438024668103;34.85659587994152;34.85824424692985;65.88402754065326;110.0702128742065;110.07385524139863;28.2381136196584;0.2552016176847366;0.2867780266996092;0.2790808534155603;0.1003378017703358;0.09975127959376523;0.1076;1.894
80;12663.365468251694;84.70939273854725;36.51052186824531;36.51589290846544;848.0000000002698;108.94202349236073;108.9401690597967;7.632865124381944;0.25382659289514586;0.24976751518207785;0.2556562327685209;0.035348230955489696;0.03503603462424094;0.1094;1.908
81;12820.482907018137;85.12499480186403;36.29815421858166;36.30299184183184;598.6249900678538;109.2710330955421;109.2706134618905;9.314476472488769;0.25385326252830354;0.25027981024139273;0.2565728560786917;0.05205768909073096;0.05314211047721097;0.1076;1.914
82;12690.931105415257;85.55361923871583;37.242699931852606;37.249907335252594;269.6946890497108;108.44309444687198;108.4404138832947;12.379063002675476;0.2540870662198118;0.2525702740947778;0.2588669474212291;0.05673638626272522;0.05756814286738201;0.1094;1.917
83;12974.539298269334;84.9818493318335;35.542638426596874;35.54354541373836;208.25133732299702;110.00721420309601;110.01707938424164;17.394208617966772;0.2538332619870566;0.2564788833685753;0.2631962404487905;0.13362937547861878;0.1401129200648312;0.1058;1.914
84;12709.852598642748;85.84406846139237;37.456451555140575;37.4646839363558;142.062151225181;108.31130320266165;108.30822243141851;16.961885181863178;0.25434569323737394;0.2569795699914431;0.2632394736883574;0.07290084703163738;0.074461577252807;0.1094;1.92
85;12828.289891455614;85.40726968342292;36.549121731473434;36.55405574212842;428.59806841056894;109.10335940878171;109.10272744610846;10.37989407180425;0.2539644588216932;0.2508582877879319;0.25733600912787885;0.05654300727767447;0.05790023652936279;0.1076;1.917
86;12839.280765753836;85.69404421883006;36.79156429824652;36.796883287882245;245.49833014936218;108.94028896402695;108.93928646015009;13.020632726604845;0.25416112525219875;0.2528711191878449;0.2594426095698396;0.06514356294993102;0.06665816305935368;0.1076;1.92
87;12994.234392410119;85.54357533791696;36.026847169704396;36.02651954385693;168.02970190716005;109.72400010840212;109.73489524295593;18.859865527072326;0.25401873435879074;0.25764425455513235;0.26498420722347604;0.14319793480520782;0.14996786132161335;0.1058;1.92
88;12678.38734492747;85.26772477717343;37.007938656557776;37.014171930638106;485.8661013865722;108.60095254692988;108.59868143988491;9.491975358815534;0.25391526446873763;0.250496883086383;0.2567382384661169;0.04493260139354293;0.045434607930168416;0.1094;1.914
89;12985.056724141235;85.2604902190687;35.78016684240162;35.7801296417094;193.32584881271515;109.876930336035;109.88792865705246;18.33105680912665;0.25388393261312564;0.25714626088307124;0.2642602765635229;0.1429945194252554;0.15031665995691162;0.1058;1.917
90;12663.365468238198;84.70939273854725;36.518838904412696;36.51589290851942;848.0000000002698;108.93991138846522;108.9401690597967;7.632865124033541;0.25382659289514586;0.2536441424707864;0.2556562327683545;0.034233637770394475;0.03503603462424085;0.1094;1.908
91;12400.433017877507;83.68684553773271;36.54831555341534;36.5451072491985;228.97955858672825;108.63078472043269;108.62591113026023;13.1758544127235;0.2544380053660568;0.2584714748574004;0.25983908257986943;0.05246888351231039;0.05350758428932706;0.1126;1.894
92;12603.459756620516;83.17995946559313;35.23031596110519;35.22600626803839;84.7955604030461;109.69492023004813;109.6947630957736;23.73581920982462;0.2554248260138421;0.2708307253257972;0.2724996654285133;0.09663994584634872;0.09774766213987612;0.1094;1.8905
93;12620.436561961289;83.47435368958158;35.45562144895858;35.45250470321344;144.51816091362213;109.58280317837877;109.58156953445892;18.57275975132855;0.25489105136211304;0.2638250759977443;0.26549690507283685;0.07781860808346774;0.07813786682306853;0.1094;1.894
94;12499.218417282258;83.28301547507273;35.74922624798301;35.74607478856246;127.42734178211754;109.23250114913091;109.22789486393542;17.844599126747852;0.25512939593945616;0.2634220463691828;0.2649261863763479;0.08054264400494861;0.08138971249226283;0.111;1.8905
95;12585.154386443292;82.89115251856856;35.016884881264076;35.010410778561216;53.05924741721506;109.791935877971;109.7940023184638;29.497693321062254;0.2560621667094807;0.2802703066340341;0.281939099705727;0.11633468790373415;0.11827724026684837;0.1094;1.887
96;12385.86931828538;83.09052517240724;36.011561570126254;36.007014588034814;89.11194202739306;108.90182522482277;108.89417060314048;18.719324331164568;0.25539817325098724;0.2650540872331393;0.26614814789467883;0.08381183513326403;0.08469905622123107;0.1126;1.887
97;12485.035822464048;82.99095416541121;35.51447393477168;35.510731927356865;80.17797308595186;109.3506630321372;109.34602176375549;21.996764861339283;0.2557146463209346;0.2690013612119266;0.2704287393722659;0.1002730133185824;0.10174029612084427;0.111;1.887
98;12394.450867449428;83.38583058031566;36.27188937148955;36.268006597909604;140.11058285530996;108.77374588608556;108.76745156768757;15.765653917103787;0.2548650247853487;0.2613475582859153;0.2625510891232397;0.0662758013965972;0.06716691173795689;0.1126;1.8905
99;12510.84258209635;83.58072541987329;35.99996269440419;35.99730138440431;215.11816264686772;109.10008380629671;109.09610973838647;14.208244030410276;0.2546489920764038;0.25936227590229793;0.2609139635603106;0.06248571321586744;0.0629158649792944;0.111;1.894
100;12663.365468233702;84.70939273854725;36.52872324643005;36.515892908537424;848.0000000002698;108.94179155104405;108.9401690597967;7.632865123882854;0.2538265928951457;0.26190471247056624;0.2556562327682824;0.034416146237042165;0.03503603462425868;0.1094;1.908
101;13035.172174864487;82.71313092524186;33.11582921892977;33.03220445940137;5.942499411504534;110.89262790993031;110.91847903497809;63.30017038895402;0.2571634092466088;0.3712185084449063;0.3608927878557823;0.1413014203426006;0.11317055172794888;0.1022;1.8905
102;12914.655314120522;82.5525747907241;33.43380452755097;33.35373198098773;6.942268802995746;110.72245834614912;110.75795301253793;65.74399337449364;0.2574763124230702;0.3695675688884101;0.3680358872036169;0.1480249861029061;0.13043913610952745;0.104;1.887
103;12808.044379667934;82.66573833507861;33.94354668438683;33.893361654782765;12.573398651141225;110.50750297979558;110.53625370426028;57.16192745991938;0.2569622641757358;0.3387285333292195;0.3439613068944967;0.14774327906999365;0.14528505673265935;0.1058;1.887
104;12956.86652310228;83.11344308352216;33.78837237649274;33.745757702152986;14.1268024010743;110.71485326901005;110.73553425787064;52.02965849581943;0.2559494830802335;0.3274796909367064;0.3298840763786951;0.1289050284169586;0.1204997485072653;0.104;1.894
105;13057.874116666755;82.99246886777159;33.28228927464213;33.22073299645088;8.290585162085076;110.91409125608963;110.93469954139414;57.806501108225824;0.25638964215204985;0.34932218871369364;0.34525514315427525;0.13789214373251105;0.11947746660912673;0.1022;1.894
106;13015.904106767683;82.43910069591269;32.94474025686687;32.835247244012805;4.4796111386778135;110.87837196038151;110.91113692208944;66.98908756515979;0.2580349453478022;0.3941208619409161;0.3719981704052478;0.14598741144224148;0.10810058406370783;0.1022;1.887
107;12850.83617487144;83.23407852885873;34.3172434974529;34.29054262104232;28.589104231287283;110.44262159387705;110.45750822426008;40.99869610398203;0.2555539633937119;0.3028259041007177;0.30364801606658665;0.11761811783912765;0.1168621787890773;0.1058;1.894
108;12934.106787617118;82.83031982781766;33.61277522778106;33.553672385467785;9.645064976906319;110.71825049509151;110.74546417209919;59.47942852222525;0.2566632854540771;0.3475714187505847;0.3499726859879289;0.13796676693914514;0.12533118973545238;0.104;1.8905
109;12828.165154417837;82.94718428706696;34.13068327809529;34.09432826867317;18.43066048921735;110.47807499617063;110.49901705383269;49.21944883508238;0.2562077751259917;0.31941865588084906;0.3231149803216982;0.1323139829302399;0.13105709964916842;0.1058;1.8905
110;12663.365468242695;84.70939273854725;36.50523362542624;36.51589290850143;848.0000000002698;108.94073838119573;108.9401690597967;7.632865124118105;0.2538265928951449;0.2575201384726176;0.255656232768394;0.03470263510525345;0.03503603462424119;0.1094;1.908
111;12197.306806544831;84.52433360489816;38.183797588071535;38.19521888080116;99.39280934074556;107.45428168792908;107.45047443226535;22.78575046392441;0.2538007065696137;0.27176060014140785;0.2696698824605467;0.08030340802361037;0.07907304293191984;0.1157;1.901
112;12404.904284558934;83.99365013372349;36.82348085177207;36.83404301129811;357.87734580212526;108.46648314564086;108.46518999651371;11.213699010604133;0.2541188870727161;0.2598637573513165;0.2580472079209301;0.04417594620502074;0.04505235936924753;0.1126;1.8975
113;12187.855666633142;83.89174890081077;37.59118034951293;37.60039968199817;152.23969155813256;107.83788853315217;107.83715128739456;18.041833078300424;0.25411449011802506;0.26535223021896337;0.2641633925778714;0.060231037715902484;0.060308858960295475;0.1157;1.894
114;12294.964354443606;84.09946798881903;37.36958951800796;37.37966402576719;263.311584294099;108.03524735013536;108.0351017566888;13.813687006436494;0.2539963283190188;0.2615155394461891;0.2599369577549077;0.05201832364629649;0.05233983976263891;0.11415;1.8975
115;12400.433017799942;83.68684553773271;36.53446109816782;36.545107249507225;228.9795602996124;108.62928710746849;108.6259111455577;13.17585430802427;0.25443800536605377;0.2617578485656769;0.25983908249492144;0.05188058551241529;0.05350758558491723;0.1126;1.894
116;12187.598762796775;84.20504580585505;37.9039471015141;37.91474376564257;148.2156391764541;107.64452724885777;107.64345569654694;19.35098520721785;0.2539014088780177;0.2669686387200942;0.2654379316009285;0.06824324485223818;0.06751390185388541;0.1157;1.8975
117;12409.546588935953;84.30632574803596;37.11768069242465;37.12816774877527;457.4054618482161;108.28358324563185;108.28359917685545;10.486173761401755;0.2539095040018628;0.259097324292907;0.25735072116588464;0.043435620823441434;0.04390056439148715;0.1126;1.901
118;12299.409852819876;84.41545487218207;37.667230187638715;37.67788861174254;243.14482071314944;107.8403317625365;107.84009069331049;14.996871920240126;0.2538412713517864;0.26255192683142303;0.2608330687554897;0.05995403695720802;0.05993279232339836;0.11415;1.901
119;12294.112988689336;83.78941223755842;37.06361026547725;37.07299582805924;201.29127394830695;108.21393854785137;108.21242318646236;14.513517634542275;0.2542624392492493;0.2624767354602117;0.26080579584792885;0.05200920331426088;0.05317359638067;0.11415;1.894
120;12663.365468233702;84.70939273854725;36.51876763565054;36.515892908537424;848.0000000002698;108.94079842901886;108.9401690597967;7.632865123913075;0.25382659289514586;0.2544300238040129;0.255656232768297;0.03307826221254598;0.035036034624241014;0.1094;1.908
121;12945.87259497781;84.4376964595318;35.11577102940853;35.114040172944605;187.86810478314288;110.20800143228844;110.20699679148845;17.363196321179878;0.2539791440698381;0.261974765030046;0.2633041874296696;0.10138552033888416;0.10466317200031848;0.1058;1.908
122;12961.58237599605;84.70760165361257;35.32257326869925;35.32111482432714;211.75387211834519;110.12296222185957;110.1220326853104;16.716337080338125;0.2538654171431572;0.2611406401548984;0.2625235703330835;0.1172290883079478;0.12247826517113343;0.1058;1.911
123;12813.381330131377;84.84716814249803;36.05565588197884;36.05355518006958;646.8489432502378;109.4334301558206;109.43209804902176;9.26793682855696;0.2538261822356944;0.25538068950883;0.2565190933713357;0.04916059573537763;0.0512313896030288;0.1076;1.911
124;12974.539297406802;84.9818493318335;35.5454115145657;35.543545417187985;208.2513352753243;110.01711426804395;110.01707938918743;17.394208745101185;0.2538332619870586;0.2617093341874613;0.26319624058322616;0.13292035616191142;0.14011292085492824;0.1058;1.914
125;12669.958637360183;84.98633316189999;36.769311445281545;36.76647790666849;734.3777485252905;108.77063836451148;108.76936426495323;7.9781113698565935;0.2538288870149362;0.2548182777208821;0.2558271058239913;0.03651706036428505;0.03778109316262188;0.1094;1.911
126;12663.365467784273;84.70939273854725;36.518767637470006;36.515892910335786;848.0000000002492;108.94079842247558;108.94016905305115;7.632865086731701;0.2538265928951455;0.25443002379060353;0.25565623275053523;0.03307826222968725;0.03503603472630458;0.1094;1.908
127;12678.38734518322;85.26772477717343;37.017017340639036;37.01417192961481;485.8660978276513;108.60082255669212;108.59868144287466;9.491975476346472;0.25391526446873874;0.2560307478293972;0.2567382385356426;0.0450199272296251;0.0454346082281739;0.1094;1.914
128;12805.30390350886;84.57373851862164;35.81467226371781;35.812420211246646;550.3477432405218;109.58210738701374;109.58112217377987;10.170601377119496;0.2538819225132358;0.25585711763830865;0.2571207668090019;0.049737914326167205;0.051898742157438116;0.1076;1.908
129;12820.482904748456;85.12499480186403;36.30523243558815;36.30299185091011;598.6249845291355;109.27200730274313;109.27061346631008;9.314476607322833;0.2538532625283025;0.2556377202800084;0.2565728561570097;0.05135999611448058;0.053142111026608464;0.1076;1.914
130;12663.365468238198;84.70939273854725;36.522426406039756;36.51589290851942;848.0000000002698;108.93998595787218;108.9401690597967;7.632865124033189;0.25382659289514586;0.25795222030212805;0.2556562327683544;0.0346957270840046;0.0350360346242407;0.1094;1.908
131;12541.968023049023;86.10970171522587;38.4121167137702;38.401939547321675;29.958861840726595;107.48735009703381;107.47599710992245;33.79089453847486;0.25477405348646937;0.2883979478183112;0.28840771723178377;0.13082780410037956;0.1289247668546743;0.1126;1.92
132;12472.636811380315;85.520461210286;38.09424636852149;38.090009300936096;76.53636547815229;107.62472301378996;107.62043394704621;22.25231433148037;0.2541252235763781;0.2709372824142119;0.26926246904834583;0.095348427132848;0.09421827148101103;0.1126;1.914
133;12504.521825524474;85.81275555659752;38.2611300682491;38.25477247230129;46.0003353199677;107.54001765746249;107.53249701323485;27.93940029410901;0.2544049947764967;0.2788110178861916;0.27786986686802506;0.11244557716369707;0.1108350787926837;0.1126;1.917
134;12587.550796386975;85.6833523215638;37.79782629454541;37.793212002553354;118.890091327031;107.94349013022308;107.94191547071729;17.703051107911048;0.2542303396749723;0.2655127108765228;0.26390800286964844;0.08275763512874487;0.08338349891598952;0.111;1.917
135;12566.3732173395;85.39425233327768;37.593447531389714;37.58880944644714;216.1208241094541;108.07012620220922;108.06947992633184;13.633563477621966;0.2540045917200405;0.2616996601605766;0.25979283575404555;0.06535589706015475;0.06618902705134279;0.111;1.914
136;12678.387344871628;85.26772477717343;37.02007089502344;37.014171930860975;485.86609951317115;108.59855097214464;108.5986814449622;9.491975465244813;0.25391526446873863;0.2586493375484917;0.2567382385290753;0.044482970097118775;0.045434608326104006;0.1094;1.914
137;12690.931105007625;85.55361923871583;37.255651297918895;37.24990733688284;269.6946854465036;108.44039499261227;108.44041388608551;12.379063011039927;0.2540870662198143;0.2605128099888737;0.25886694742763144;0.0562743159288774;0.057568143274025874;0.1094;1.917
138;12615.78821347036;85.97705565419058;37.9794114803531;37.973975023162204;69.49810313647929;107.85190004956871;107.84927868263551;22.68975642384343;0.2545441364247645;0.27136538393121923;0.270240482244574;0.10332668980900582;0.10402038415036384;0.111;1.92
139;12709.852597887995;85.84406846139237;37.47076479191014;37.464683939374545;142.06215061394414;108.30804680764521;108.30822243405558;16.961885205467688;0.25434569323737355;0.2644123790565979;0.2632394737126924;0.07293873461501868;0.07446157760676445;0.1094;1.92
140;12663.365468224705;84.70939273854725;36.53578169526137;36.5158929085734;848.0000000002698;108.93838236186535;108.9401690597967;7.632865123572224;0.2538265928951439;0.2556698909092317;0.25565623276813226;0.034478190956824084;0.035036034624241465;0.1094;1.908
141;12409.546586268838;84.30632574803596;37.147260303851425;37.128167759443045;457.40546379507805;108.28256809797163;108.28359918358579;10.486173666514675;0.2539095040018623;0.2571566874061631;0.2573507211040229;0.04342344278966621;0.043900564700992586;0.1126;1.901
142;12533.952110144164;84.50854643445895;36.852127930918286;36.832735125693524;714.2635949636231;108.59136822869745;108.59275434426681;8.313014241177054;0.25385454376015115;0.2559260374918325;0.25602310187533084;0.036557366014949605;0.036790333052824316;0.111;1.9045
143;12429.634133918307;84.94961726677188;37.710954674338055;37.69114870828953;241.58121571645822;107.89241479276166;107.89131494172258;13.8967694203078;0.2538276346841392;0.25926969712905995;0.2598430129453822;0.06344633625182935;0.06420395862774668;0.1126;1.908
144;12416.74129636872;84.62495432197376;37.437440624572076;37.418037360721534;400.69127458776467;108.08642873152485;108.0868888848444;11.39495650095336;0.2538117585493417;0.25755166123176365;0.25787192430138034;0.050316163667551886;0.050919980156025765;0.1126;1.9045
145;12527.212913195128;84.19340985351252;36.56342885554685;36.544536492522155;580.0012652910842;108.77822646013512;108.77928920643194;9.164991695520504;0.2540097394200497;0.2564651707256044;0.2566415806144165;0.038528796354427235;0.03905705865763126;0.111;1.901
146;12646.633626714143;84.08022015922117;35.971914552892976;35.95361135859316;455.9115777608654;109.29950922079348;109.29993833099287;10.821502240815482;0.25414108704389005;0.2575432709093414;0.2578010293197089;0.0466867302602389;0.04694758883456991;0.1094;1.901
147;12663.365466982163;84.70939273854725;36.53578170025283;36.51589291354276;847.9999999999275;108.93838236964642;108.94016906762111;7.632865128577168;0.25382659289514703;0.2556698908855363;0.2556562327705262;0.03447819088904913;0.0350360346518764;0.1094;1.908
148;12655.757765862272;84.39185309076245;36.24798680718908;36.22876501096663;710.9575997404198;109.12761918047659;109.12887472004564;8.57616644950234;0.2539284734620237;0.2561384353804688;0.25623520395336163;0.0373973433108824;0.03803064620817605;0.1094;1.9045
149;12541.902239709822;84.8296536861301;37.14180404586881;37.12206194570074;602.4254094573798;108.3927377422587;108.39387712924513;8.94182988817522;0.2538115192462317;0.25619881163119385;0.25631930958901034;0.04219387948607877;0.042148056681342735;0.111;1.908
150;12663.365468233702;84.70939273854725;36.513148764557506;36.515892908537424;848.0000000002698;108.9390449017232;108.9401690597967;7.63286512397165;0.2538265928951457;0.2584400618289245;0.25565623276832483;0.034259589850773466;0.03503603462424086;0.1094;1.908
151;13196.329701975304;84.16442394130816;33.863646461280084;33.8388349931735;19.52386207266344;111.17605431984036;111.239012212204;34.0799421771123;0.2543048592247165;0.2945011587351984;0.2885377646335;0.2856225363526523;0.28928332498035714;0.1022;1.908
152;12974.539297661013;84.9818493318335;35.5464277562663;35.54354541617123;208.25133489829943;110.00384830005044;110.01707938842628;17.394208772203765;0.25383326198705713;0.2653845651650275;0.2631962406118834;0.13576475708734667;0.1401129208829014;0.1058;1.914
153;13105.361491281172;84.56762716455141;34.62052471990984;34.6059564266178;45.74156852472779;110.7501617702581;110.78982979136228;28.197712984270076;0.2539479649648664;0.28032926033825945;0.277869296328328;0.2430378337195708;0.25271988715410115;0.104;1.911
154;13077.59278123281;84.30126025955859;34.461695284925376;34.450666569388325;55.58257272547112;110.74151851355238;110.76797266355186;27.13471340233257;0.2541196372225307;0.27975846610219984;0.2763285601345129;0.1908480437429549;0.19327860497060692;0.104;1.908
155;13131.241206106672;84.83828163144753;34.793292765868514;34.77309098837699;34.07051447519005;110.74349246138736;110.80018459257057;32.10288927141201;0.2538566280395396;0.28551660390645106;0.2844867599782456;0.29827874855442;0.31468238774835283;0.104;1.914
156;12945.87259656212;84.4376964595318;35.11622522582294;35.114040166607275;187.8681052422923;110.19829914542473;110.20699679243212;17.363196180578708;0.25397914406982625;0.2663317566779753;0.26330418728131044;0.10530034740796547;0.10466317101282392;0.1058;1.908
157;13234.20673801762;84.4272384611703;33.985021773808285;33.95012820352918;12.942574797676967;111.26684666251914;111.36936208567406;34.743198539284094;0.2540752764837145;0.2958506833233643;0.2895991799431809;0.3643561335066952;0.368822862472032;0.1022;1.911
158;12961.582376797014;84.70760165361257;35.323481954364816;35.32111482112377;211.75387257586536;110.11109502016173;110.12203268045786;16.716337071138216;0.25386541714314065;0.2651634081288971;0.26252357032369456;0.1205461243258876;0.12247826527102487;0.1058;1.911
159;13271.87840114067;84.69428530572056;34.116579562382704;34.066475400122044;8.387029367767125;111.3452203018586;111.49803005778877;37.72088302862405;0.2539248031335161;0.3036759478972681;0.2953703570853569;0.4439544864774989;0.4355299261351783;0.1022;1.914
160;12663.365468233702;84.70939273854725;36.52192980660495;36.515892908537424;848.0000000002698;108.93975790918388;108.9401690597967;7.632865124679927;0.2538265928951456;0.2575901405039298;0.25565623276866306;0.03540554759107629;0.035036034624241416;0.1094;1.908
161;12335.35891240995;85.06555166531649;38.18798683670818;38.18422592174276;82.5752899896363;107.48684523418144;107.47617756356394;22.761231835583033;0.25387220156579543;0.2717709369017566;0.26970404817198723;0.08629896180831255;0.08728788805230865;0.11415;1.908
162;12364.724224091424;85.35169237051244;38.35859531835803;38.35291676606133;48.45454125258966;107.37811564651892;107.36344639025013;28.527724882339268;0.2540279345404616;0.2797223702480014;0.2784806797940593;0.09836346510089057;0.0991431378325242;0.11415;1.911
163;12401.004583810462;85.64242559075342;38.5083659165899;38.498536677663736;30.04928640221127;107.30171914143492;107.28294898844044;35.3516852013172;0.2542711594521923;0.29082908230915544;0.29094619605383193;0.1102776461028651;0.11019234699650447;0.11415;1.914
164;12344.335105709384;85.76409848773787;38.86981281640399;38.84691146140381;14.434893846815289;107.07108239072676;107.04557917353056;50.028903516386364;0.2544449889301629;0.3222399172753037;0.32371053659720794;0.11535013803838833;0.10825691037198887;0.1157;1.914
165;12258.915573691924;85.18121408214976;38.61336736190275;38.6056934747214;32.2111112427493;107.17926227644385;107.16151149178015;35.194468284123246;0.2539445292133651;0.2918764924795691;0.2903553574174965;0.0995978618524167;0.09841900984381384;0.1157;1.908
166;12299.323907619422;85.47033725375563;38.747017763796734;38.73319046989176;21.008635519402866;107.11229784628227;107.09062758604895;42.49333362682349;0.25415044366551576;0.3058577738116177;0.3057505234156521;0.10739178608206902;0.10386052855474166;0.1157;1.911
167;12472.63681243788;85.520461210286;38.09440120279367;38.09000929670585;76.53636533646267;107.63123920602472;107.6204339468732;22.252314307060452;0.25412522357637235;0.2707975841868284;0.2692624690160507;0.09256201004420303;0.09421827157097924;0.1126;1.914
168;12429.634138030833;84.94961726677188;37.695305899309396;37.69114869183935;241.58121867389843;107.89589925874522;107.8913149426047;13.896769332108953;0.25382763468413866;0.26204631835300823;0.2598430128699097;0.06343036565051276;0.06420395800304797;0.1126;1.908
169;12447.522171354221;85.23276588892597;37.9065470368083;37.902760306568034;135.83585877702458;107.74912344908795;107.74155387191334;17.42457769241637;0.25393324587142285;0.2653156003421965;0.263324795539432;0.07732156567539297;0.07855067701757569;0.1126;1.911
170;12663.365468233702;84.70939273854725;36.51243971651829;36.515892908537424;848.0000000002698;108.94118230073968;108.9401690597967;7.632865124197013;0.2538265928951459;0.2551003779853849;0.2556562327684327;0.035094887186310215;0.035036034624241326;0.1094;1.908
171;12778.012648323936;83.9525495730472;35.300700192418425;35.30036724408417;206.27715099094144;109.86461434940858;109.86866997284054;16.525100740280724;0.254327144980774;0.2624820268821151;0.2627766351719334;0.06727429903907076;0.0675802784556498;0.1076;1.901
172;12924.349868495372;84.12822836588285;34.891830676810386;34.89065484129557;130.7902227050607;110.28148933018969;110.2876297602295;20.579673050162505;0.25421331501137595;0.2670498576505675;0.2672092376828675;0.0932515871501153;0.09306970328998727;0.1058;1.9045
173;12805.303904887644;84.57373851862164;35.809772314160426;35.812420205730966;550.3477409290439;109.5805412760824;109.58112217910272;10.17060140654302;0.2538819225132362;0.25657954683412426;0.2571207668276241;0.0519422082836145;0.05189874196854796;0.1076;1.908
174;12655.757766385866;84.39185309076245;36.2260057372007;36.22876500887262;710.9575969208377;109.12948902282814;109.12887471648227;8.576166331755072;0.25392847346202346;0.2557353022156537;0.2562352038903055;0.03849887170413181;0.03803064656354594;0.1094;1.9045
175;12945.872597052463;84.4376964595318;35.113164134924645;35.114040164645544;187.86810485206647;110.20303356117638;110.20699679588472;17.363196173463994;0.2539791440698253;0.26311344238748224;0.2633041872738028;0.1049870764911572;0.10466317084604014;0.1058;1.908
176;12793.345220474164;84.2602268330237;35.54530265542078;35.546727635553744;360.66360080632757;109.73384927487236;109.73579775540287;12.58425711972525;0.2540499690400924;0.2585984738016382;0.25898880909917826;0.05730807743535184;0.05709447314118232;0.1076;1.9045
177;12663.365468687063;84.70939273854725;36.51243971480377;36.51589290672365;848.0000000000446;108.94118230370657;108.94016906282113;7.632865136621;0.2538265928951455;0.2551003779980153;0.2556562327743672;0.035094887332253334;0.035036034674521564;0.1094;1.908
178;12900.335914982737;83.82452181552094;34.68749433503829;34.68299739658156;79.10358084612669;110.34447940401165;110.35404958849249;26.087114414124056;0.2545550235495458;0.2747031303063929;0.27511245104585336;0.09368211224195952;0.0943755326845045;0.1058;1.901
179;12646.633628389203;84.08022015922117;35.95189169631456;35.9536113518938;455.9115821845892;109.2999771921492;109.29993832231413;10.821502193035423;0.2541410870438939;0.2574228871850813;0.25780102928762283;0.04770813056251645;0.046947588887519334;0.1094;1.901
180;12663.365468242695;84.70939273854725;36.5139376135463;36.51589290850143;848.0000000002698;108.93901116994606;108.9401690597967;7.632865124217651;0.2538265928951481;0.26437195878227393;0.2556562327684447;0.03589353170767081;0.035036034624240736;0.1094;1.908
181;13116.97779919492;83.56737149768004;33.589610878780604;33.559212170570554;17.874761166937198;110.99733584717241;111.02109237436272;43.67548727419703;0.2551418782274666;0.3202411854837355;0.3092218447649474;0.15618021542263666;0.15216024920737473;0.1022;1.901
182;12983.111095370758;83.40202088571745;33.9573669469608;33.929357771510766;21.72416348819189;110.70570924678604;110.73002696693905;44.07681054051631;0.25533653989090804;0.31797687096324345;0.310291785876988;0.120759629987815;0.11734914288892118;0.104;1.8975
183;12875.312195860772;83.52649819732926;34.49878156572848;34.48506301623759;46.76125518183768;110.39155448812136;110.40987770865804;33.10164477856228;0.25500248326534564;0.29491150582603937;0.2873286772571249;0.10206837632039743;0.10388882917080268;0.1058;1.8975
184;13012.602078228472;83.69613096640902;34.12367469418537;34.105503724079995;34.177955222298266;110.71172741313528;110.731974407281;36.432150561603066;0.25482611241767783;0.30217594479027404;0.2935526753956544;0.12121757142337845;0.1209974073009358;0.104;1.901
185;13057.874116550005;82.99246886777159;33.285903009334724;33.220732996918024;8.290585175872232;110.90568420482651;110.93469954019037;57.806501087315205;0.2563896421520529;0.36135006720059787;0.3452551430982601;0.1369743746605626;0.11947746670288813;0.1022;1.894
186;12900.335914673156;83.82452181552094;34.6911867946719;34.68299739782014;79.10358117453531;110.34027033679578;110.3540495859225;26.087114373350058;0.254555023549545;0.28362788669635697;0.2751124509839913;0.09167805523064476;0.09437553269321566;0.1058;1.901
187;12956.866522356377;83.11344308352216;33.788555014647955;33.74575770513697;14.126802506047172;110.70512511059252;110.73553425430966;52.02965842735107;0.2559494830802356;0.33700070990963626;0.32988407620591426;0.12740493404037465;0.12049974869472665;0.104;1.894
188;13084.889657197971;83.27719011583727;33.4421098538747;33.397388939506676;12.11578578266706;110.94115159643538;110.96581721498936;50.98494489051878;0.25571525304264303;0.33936948768740943;0.32708060856129145;0.1392217675983317;0.12921987910227853;0.1022;1.8975
189;12850.83617468824;83.23407852885873;34.31297883375197;34.29054262177542;28.5891043945346;110.43315562366593;110.45750822127306;40.998695998732465;0.2555539633937129;0.3096028781520868;0.30364801583921397;0.11571971073195585;0.11686217887091838;0.1058;1.894
190;12663.365468233702;84.70939273854725;36.53013661113903;36.515892908537424;848.0000000002698;108.94085665694837;108.9401690597967;7.632865123880018;0.2538265928951459;0.24851457834408236;0.2556562327682813;0.03532720263329657;0.03503603462423999;0.1094;1.908
191;12691.328824129385;86.57848237692558;38.29343845106843;38.273247410627256;29.99150962926981;107.78124074191669;107.76900773043926;34.2270438129437;0.255441997892363;0.2839211717107496;0.28981798252330004;0.15509545376466022;0.15837349771848533;0.111;1.926
192;12583.712064904314;86.41135236072306;38.565536215092564;38.53661704888514;21.032746617052233;107.4690556945877;107.44606159069912;39.20430842598379;0.2552339653891213;0.29294311216814745;0.29955971375038404;0.15119405529171212;0.14930555006813545;0.1126;1.923
193;12615.788213589341;85.97705565419058;37.98881775811167;37.97397502268614;69.49810326438835;107.85885063417895;107.84927868389907;22.68975640099539;0.25454413642476603;0.2644251395456393;0.2702404822138817;0.10402424420291824;0.10402038413204297;0.111;1.92
194;12628.788158621306;86.71776038039265;38.69797291679682;38.66272155992232;15.743637249840054;107.46551632804017;107.43748500114344;43.81861181353592;0.25578637075245925;0.3034703492413145;0.31007708658802513;0.17431971401058904;0.17261759422977913;0.1126;1.926
195;12771.48953758004;86.43883952175658;37.83099613436745;37.81292254345646;44.48611593352396;108.15998530914364;108.15671267271549;31.953186797759862;0.2551293486575364;0.27787363964949896;0.2853543114450285;0.12502051662549418;0.128837342333274;0.1094;1.926
196;12709.852597423467;85.84406846139237;37.47845592465484;37.46468394123305;142.062150112057;108.31289022327248;108.30822243017715;16.961885230830106;0.2543456932373737;0.2568315721227352;0.2632394737388402;0.07405939448576315;0.07446157755250123;0.1094;1.92
197;12541.968023053289;86.10970171522587;38.42502498437615;38.401939547304636;29.958861832131056;107.49430031257641;107.47599710975958;33.790894543064816;0.25477405348647003;0.28221746264037845;0.2884077172403888;0.13112680842433574;0.1289247668527203;0.1126;1.92
198;12736.606677533791;86.13912447295776;37.667614651935;37.652733310388314;77.0881827318889;108.21747218010452;108.2124003395786;23.50323715486139;0.2546926096965654;0.2649015067580303;0.27148988938756824;0.09612942863001472;0.09776672187241983;0.1094;1.923
199;12650.674113922829;86.2754148185272;38.149779133131794;38.13279629486427;44.01210627616626;107.80417636355354;107.79275219420485;28.282245960439987;0.254947492716061;0.27311079419501993;0.27892004445132923;0.12743815622998478;0.12888652305459875;0.111;1.923
200;12663.365468238198;84.70939273854725;36.51548695871915;36.51589290851942;848.0000000002698;108.94121153008824;108.9401690597967;7.632865124032924;0.2538265928951459;0.2550286612846057;0.2556562327683543;0.03495678870852985;0.035036034624275084;0.1094;1.908
201;12985.056723439417;85.2604902190687;35.78267243314245;35.78012964451668;193.32584733060608;109.88137297727495;109.88792865721922;18.33105691971744;0.25388393261313164;0.2622928280008298;0.2642602766862709;0.14098829266766172;0.15031666057939405;0.1058;1.917
202;13271.878401123162;84.69428530572056;34.11163772551164;34.06647540019228;8.38702939549337;111.36977878338637;111.49803005568577;37.720882971183904;0.2539248031335213;0.29728949023588985;0.29537035696799313;0.43127862484932505;0.4355299261167828;0.1022;1.914
203;13339.940504408816;85.24127552830717;34.419636554462;34.341200907868945;4.8372429404585615;111.4406187375022;111.65943369258422;46.431701325789746;0.2538659400003318;0.3260436467914485;0.3145510521119332;0.5597379240653042;0.5129777875830321;0.1022;1.92
204;12994.234391210657;85.54357533791696;36.02857061106005;36.02651954865499;168.0297016249582;109.72790279517652;109.73489524093712;18.859865591396133;0.25401873435878763;0.26296492930652243;0.2649842072967235;0.14191590894864894;0.14996786161208145;0.1058;1.92
205;13172.412764238068;85.39265473401144;35.188252229276024;35.162786145246855;24.185400765597247;110.65410222924913;110.71813675550722;41.54739660407985;0.2539198658663609;0.2962041581394121;0.3034703915266712;0.368469706493044;0.39832669500863743;0.104;1.92
206;13153.949240532987;85.11327394062532;34.9796624693506;34.957253014607765;26.93853702518519;110.72611742943776;110.78182064961271;37.120245918474296;0.2538468420342451;0.2882808927783572;0.29408302075043785;0.33805917012594705;0.3664938609293045;0.104;1.917
207;13131.241204584285;84.83828163144753;34.790783716609894;34.773090994466706;34.070514830079944;110.75862477271015;110.80018459091076;32.102889375331046;0.2538566280395504;0.28039780762472033;0.2844867601658829;0.2906347850298423;0.3146823862670885;0.104;1.914
208;12974.539298248374;84.9818493318335;35.54648791259558;35.543545413821505;208.2513354997064;110.0113793577972;110.01707939112877;17.394208704422677;0.2538332619870581;0.2614669362806021;0.2631962405402117;0.1308958776158525;0.14011292035592385;0.1058;1.914
209;13307.574778018721;84.9656142950826;34.256611504538604;34.19500844924198;5.986065602247317;111.42398719283672;111.60132441314987;41.77202444708872;0.2538546185883627;0.3098049913567769;0.30390887148985996;0.5015858009710291;0.4819114368966241;0.1022;1.917
210;12663.365468238198;84.70939273854725;36.52894416843277;36.51589290851942;848.0000000002698;108.94091619061457;108.9401690597967;7.632865124033003;0.25382659289514564;0.2636879268146013;0.2556562327683541;0.03434146580906969;0.03503603462424041;0.1094;1.908
211;12924.349875306443;84.12822836588285;34.90519802574878;34.890654814049185;130.79021115445317;110.2791884882764;110.28762978109309;20.579673686345874;0.2542133150113774;0.27534772567180715;0.2672092384668205;0.0870473311950384;0.09306970278546343;0.1058;1.9045
212;13116.977799145681;83.56737149768004;33.59061652540396;33.55921217076755;17.874761172286302;110.99624494425275;111.02109237394541;43.67548727376563;0.2551418782274639;0.3213356275021511;0.3092218447639703;0.15173762090276038;0.15216024923101362;0.1022;1.901
213;12900.335914667745;83.82452181552094;34.69813486104568;34.68299739784162;79.10358099937999;110.34594868269957;110.35404958763651;26.087114403363923;0.25455502354954124;0.2833858507379439;0.2751124510295241;0.09053837088445643;0.09437553266042382;0.1058;1.901
214;13044.55911785993;83.9958514955742;34.296585657302465;34.27739481404589;50.06227522801458;110.72453869190934;110.74465434270205;30.19946065192518;0.254419899239866;0.2896580348469696;0.2816409134292592;0.13478296130473014;0.14326327320263146;0.104;1.9045
215;12945.87259673807;84.4376964595318;35.12930020852022;35.11404016590343;187.86810613139386;110.19677885887157;110.20699679284245;17.363196106183295;0.2539791440698277;0.2708996770421557;0.2633041872028176;0.09573231781705482;0.10466317050307226;0.1058;1.908
216;13154.400910381992;83.86309045385653;33.733099649413745;33.70522960869985;22.87767526968379;111.07312797438955;111.11092701685207;37.322743838283095;0.25467118041741743;0.30557257882040784;0.2952036684822326;0.1958728387767844;0.2048996768888459;0.1022;1.9045
217;13077.592781315983;84.30126025955859;34.47212626034518;34.45066656905589;55.582573145426366;110.73771684959709;110.76797266102615;27.134713281232585;0.2541196372225343;0.28292220790921185;0.27632855994424915;0.17695187293301134;0.1932786044356632;0.104;1.908
218;13196.32970217385;84.16442394130816;33.87165157974637;33.83883499237947;19.52386213669792;111.17191948254873;111.23901221070601;34.07994208876328;0.25430485922471496;0.29694570758032474;0.28853776446653656;0.2699822835770215;0.2892833247797924;0.1022;1.908
219;13012.602078226571;83.69613096640902;34.12671171256368;34.10550372408757;34.177955213553446;110.71555601661484;110.73197440755436;36.43215056642812;0.2548261124176767;0.3021753433675297;0.29355267540523466;0.11760621209816385;0.120997407287372;0.104;1.901
220;12663.365468242695;84.70939273854725;36.51344249050374;36.51589290850143;848.0000000002698;108.94080163852706;108.9401690597967;7.632865124119098;0.25382659289514564;0.24682773091147314;0.2556562327683952;0.03532599470878106;0.03503603462424172;0.1094;1.908
221;12663.36546939377;84.70939273854725;36.51344248588822;36.515892903897296;848.000000000363;108.940801636844;108.94016905817848;7.632865093459415;0.25382659289514803;0.24682773089734464;0.25565623275375154;0.03532599469685912;0.035036034617511626;0.1094;1.908
222;12541.902242901899;84.8296536861301;37.1188113862651;37.12206193293222;602.4254114703189;108.39663721315321;108.39387713128728;8.941829877311896;0.2538115192462201;0.24751210172725166;0.25631930958293525;0.04243850064288731;0.042148056377688065;0.111;1.908
223;12447.52217031295;85.23276588892597;37.899775947979094;37.902760310732816;135.83585969343218;107.75097775092124;107.74155387475841;17.424577680058178;0.253933245871426;0.25479401044924016;0.2633247955263509;0.07881065684988459;0.07855067690453298;0.1126;1.911
224;12429.634137141089;84.94961726677188;37.68707850758019;37.69114869539819;241.58121949388212;107.89848429736799;107.89131494387388;13.896769359181011;0.2538276346841254;0.2513337699344422;0.25984301289306244;0.06416362352802887;0.06420395789771988;0.1126;1.908
225;12566.373216163558;85.39425233327768;37.585956062011704;37.58880945115105;216.120826569586;108.07435161907357;108.06947992485674;13.633563455291872;0.25400459172003137;0.25083717454959137;0.2597928357352869;0.0678809584785547;0.0661890265671791;0.111;1.914
226;12678.387345487892;85.26772477717343;37.01144034465178;37.01417192839592;485.86609921755235;108.59986735390848;108.59868144483127;9.491975461153304;0.25391526446872714;0.2476440301038991;0.2567382385266437;0.0474607016019584;0.045434608161588716;0.1094;1.914
227;12669.95863820332;84.98633316189999;36.763846839872706;36.76647790329629;734.3777437790112;108.77032845219996;108.76936426155669;7.9781113150359495;0.2538288870149363;0.2468512696036549;0.2558271057966376;0.038805003470189184;0.03778109363290603;0.1094;1.911
228;12551.693625157459;85.1097034604211;37.35967490436882;37.36296329933249;388.07034439188186;108.22814097969976;108.22436097795185;10.701500282507167;0.25386544596887234;0.24856736643407215;0.2574490598497393;0.053330943939321716;0.052200078337905416;0.111;1.911
229;12472.636811142664;85.520461210286;38.08942089952704;38.090009301885964;76.5363663971209;107.63252662374695;107.62043395437284;22.252313862610965;0.2541252235763776;0.26060769872123096;0.2692624684283745;0.09471995499021532;0.09421827030309153;0.1126;1.914
230;12663.365468238198;84.70939273854725;36.51927183325724;36.51589290851942;848.0000000002698;108.94099370420643;108.9401690597967;7.632865124033488;0.2538265928951472;0.2554176501748501;0.25565623276835586;0.035153689045742016;0.035036034624242776;0.1094;1.908
231;12709.852597374942;85.84406846139237;37.46789143482594;37.464683941427175;142.06215013838246;108.30833864802135;108.30822242997296;16.961885229115744;0.2543456932373743;0.2627171898993159;0.2632394737370734;0.07564487730131036;0.07446157754113812;0.1094;1.92
232;13004.338631238066;85.83115590493264;36.280070736834325;36.2737002096895;124.67963838727388;109.55810288281602;109.56604248387691;19.279712217444576;0.2542390264082889;0.265010263950035;0.26567799985692503;0.14811484798841906;0.14277416889998348;0.1058;1.923
233;13018.72973910122;86.12328329744732;36.51516282233339;36.50828026334029;75.94151213134332;109.38917185989887;109.39680893227373;21.28996637377368;0.2545462298557839;0.2676425382815989;0.2684138335080847;0.14461338797104073;0.1377517851744718;0.1058;1.926
234;12856.379483158446;85.98537006712125;37.02468072395395;37.019828869729906;123.63624692934206;108.79237359556616;108.79470056987527;18.29556849359404;0.2544446695626092;0.26389271935149844;0.26475976876846075;0.08274972348157984;0.0800957462588419;0.1076;1.923
235;12882.031746165852;86.28129908645178;37.221994487839204;37.213160190653355;60.82294451232506;108.67729994134527;108.68228846547542;27.045181675250014;0.2548165693478097;0.2746194461345379;0.27682946689992244;0.10104639618031748;0.0991838523383542;0.1076;1.926
236;12771.489537624919;86.43883952175658;37.821748280482275;37.81292254327688;44.48611599590895;108.15175492518348;108.15671267350945;31.95318677327804;0.25512934865753617;0.2824687294792303;0.28535431140116585;0.12692874115675853;0.1288373422285498;0.1094;1.926
237;12736.606677747073;86.13912447295776;37.657600843554334;37.65273330953524;77.08818282412204;108.21108015820644;108.2124003390505;23.503237138840642;0.25469260969656315;0.2702394975595175;0.2714898893653752;0.0980440444187236;0.0977667218087878;0.1094;1.923
238;12994.234391844848;85.54357533791696;36.03363998341799;36.02651954611763;168.0297009038153;109.72619692112477;109.73489524674801;18.8598656137226;0.2540187343587877;0.2644640416679938;0.2649842073221484;0.15386601730009344;0.14996786165179166;0.1058;1.92
239;12839.280764639143;85.69404421883006;36.80056192091804;36.79688329234089;245.4983288369144;108.93803766417273;108.93928646137891;13.020632754151634;0.2541611252522025;0.2589265654134797;0.2594426095919631;0.06893445851622555;0.06665816334019821;0.1076;1.92
