#"Step","Potential Energy (kJ/mole)","Temperature (K)","Density (g/mL)"
500,8435.782153962618,210.6185576095099,0.7103443185712485
1000,10470.032593568521,235.82182893640834,0.7251152956940617
1500,11456.924092331552,259.98390588077933,0.7182967138357075
2000,12198.840232049522,273.35777485038943,0.729771640796542
2500,12787.18963025745,283.4075498251045,0.7190981516817061
3000,12966.027668165258,287.9662336399751,0.7215120358683317
3500,13200.799728034795,284.26624522689843,0.7263161170360866
4000,13146.001682613787,282.14751589322543,0.7363244500962179
4500,13226.05026051134,284.3703648143388,0.7385323006992274
5000,13230.099386427864,285.40727084837437,0.7322345778130382
5500,13325.508008660072,287.49849684182675,0.7356989134988011
6000,13175.23799210725,288.633362923669,0.7419952813814202
6500,13062.30363887825,289.40572443542345,0.7431386778460648
7000,13130.579593513668,286.8569618088797,0.7399920706991641
7500,13201.771159878697,284.14018578934065,0.7440835258744364
8000,13025.04156621196,286.9963116484956,0.7537178501399715
8500,13086.97660878679,282.9208233995835,0.7514026871103786
9000,12962.347235316198,284.7278346880491,0.7418823017208706
9500,12952.285891695126,283.71134027909136,0.7370496634463395
10000,12908.260019629408,285.2679737001497,0.7604483428546333
10500,12527.064014295594,283.0307414955533,0.7701899591155278
11000,12461.323548238426,291.1076786429469,0.7745626691016673
11500,12893.889547301365,285.29869505013033,0.7673038298082642
12000,13016.177685417968,282.4004099964813,0.7597529992945437
12500,12947.837499574896,285.71817502525306,0.7542239878611471
13000,12989.794758309175,291.305331402062,0.7597288026362018
13500,13223.193096132838,290.00418761681584,0.7517891500667649
14000,12968.257304815386,290.69371718149415,0.7576356279322431
14500,13149.255170259263,289.5184808748148,0.7592653816070098
15000,12750.843727622263,285.34235613054784,0.7553799992249252
15500,12781.326918580016,283.9129086376178,0.7648852376946021
16000,12973.289138318753,287.6649363311177,0.762649112516692
16500,13154.012813550196,284.98131821253367,0.7654898159368475
17000,12978.056735226908,289.3509183055907,0.7580374963134996
17500,12876.653339830416,286.25523278766235,0.7633296258787
18000,13136.09586399054,284.278558416898,0.7653353215377006
18500,12933.283782608813,289.346651152183,0.7612968332825353
19000,12743.876939771799,290.61039138134157,0.7584301522356599
19500,12968.168475552953,289.8087969810386,0.7566534961316369
20000,12952.514675958342,284.4236552954343,0.7625524257915618
20500,12881.296780331759,286.47150697782814,0.7563940482636593
21000,12880.71192771523,281.65425670019516,0.7566952188194938
21500,12644.53916462614,288.3605828761004,0.7610736024739846
22000,12590.691315039809,286.66542953342724,0.767695903132638
22500,12941.420884124742,285.281110546644,0.763628725256541
23000,12848.98670603281,289.2278239235467,0.7770811073903154
23500,12640.777910992925,284.2732483376951,0.7762792788178997
24000,12630.222064095658,284.53425654817977,0.7766057746567159
24500,12411.869546438524,284.9864027365431,0.7752673046499533
25000,12459.983398449058,285.99158914348715,0.7734442429382015
25500,12680.512536884518,286.2448304303785,0.7726904228650187
26000,12648.596263998246,281.64583079616693,0.7764831727045671
26500,12617.383012280674,284.9087331138215,0.77776588770919
27000,12676.836715362686,279.95836460836904,0.788041937369627
27500,12410.011637142834,279.9753073160535,0.7902826140740818
28000,12606.570333986465,281.8702749117361,0.7776926471167801
28500,12123.06597235838,283.6372109396085,0.7704379722102616
29000,12229.907309070792,286.30845802593745,0.773696784238921
29500,12764.121038650243,281.01297533824766,0.7757940560211898
30000,12865.076239043181,282.73089711155444,0.7649587397859956
30500,12362.25772838469,289.3084975541701,0.7772502352242351
31000,13026.112365879499,284.9459285741595,0.7634449491525127
31500,12709.69774093889,283.29004014427676,0.7702524036203553
32000,12804.915468570398,286.6713459465876,0.7771227714089917
32500,12808.759694350923,284.32224621874326,0.77523344947587
33000,12838.286341536977,285.85725801822275,0.7648987798660083
33500,12644.418631100769,287.185217400436,0.7743104930041668
34000,12729.038711148585,284.08742906050145,0.7761259280297136
34500,12778.963885076646,289.4754558190123,0.7747606510081242
35000,12838.053927890973,285.5070581299252,0.7703799212218725
35500,12529.099385054462,292.9796687009595,0.7763284461590646
36000,12682.269113086442,290.4480270352698,0.7741426175607043
36500,12629.086080879073,289.95008408666723,0.7807636701178936
37000,12561.560486631619,293.6599866022498,0.786777000042359
37500,12340.638358665965,292.33787766250657,0.7826388232437144
38000,12516.873276700671,282.1211472145215,0.7838973664431941
38500,12498.848848865027,286.5301047344858,0.7721193203717884
39000,12296.438487144134,288.7863078185082,0.7771500724296484
39500,12347.303632332487,288.30547788497404,0.7936964808054187
40000,12314.56201057103,284.4279984268578,0.7762443893840381
40500,12430.246460297723,279.3950655254756,0.7774647941463981
41000,12714.775636767485,282.0418863964266,0.776254612759843
41500,12647.633958023767,284.73903786328873,0.7660927175766256
42000,12571.74204988305,285.774306132291,0.7749896803245846
42500,12745.161383003371,283.1575139693206,0.7763801588545957
43000,12581.802077494722,287.89986648468454,0.7697511379305941
43500,12658.388730405368,284.37348505125726,0.7772423597952959
44000,12705.7477610358,289.3377316230716,0.7796429936068656
44500,12583.403820899446,291.3253365834574,0.7795087325324573
45000,12746.013379873268,286.65748031234074,0.7767466174598356
45500,12555.202007101178,289.4855556718877,0.7798614002163713
46000,12734.681837935801,284.06275609000426,0.7795713361746774
46500,12530.836748268737,288.64403012173346,0.7844602730320208
47000,12478.275116621644,290.6810893476679,0.7781362830355419
47500,12564.321351429015,287.8055327299504,0.7822594983810325
48000,12742.718875605598,284.74074594819274,0.7766854531653951
48500,12774.506691598708,290.80407119692575,0.7705755750730361
49000,12787.147358215647,284.87537026445233,0.7661168645618134
49500,12803.312034053039,287.02475574933266,0.7691318443348572
50000,12352.38673441589,291.43753700621886,0.7716569479073824
50500,12443.794606735035,283.6144020027965,0.7758307118297323
51000,12991.65149739984,289.2429464146999,0.7614719255391896
51500,12678.029294749653,293.1460223549423,0.763355812422719
52000,12574.472136928154,289.47038720698924,0.7647986090031115
52500,12798.302474101609,289.0482591235959,0.768549772849742
53000,12836.421899514935,280.9942848812853,0.7568399407076691
53500,12851.328329280794,282.71893926978953,0.7652659506126538
54000,12727.985088595662,284.621384682926,0.7702358312729557
54500,12913.79668002254,278.74182656144797,0.771764263126885
55000,12667.54531001469,281.6902234352212,0.7767813915050651
55500,12664.225927064694,286.54075354602503,0.7732446042467287
56000,12377.841034122419,284.6839347177238,0.7826715675700022
56500,12382.687993712767,283.978910044516,0.7709862829757583
57000,12960.797142944111,281.18733164846117,0.7733759509639276
57500,12727.935841942022,284.0326671349118,0.7748277240269941
58000,12569.066642280031,287.29805543198694,0.7761338997784945
58500,12410.797383120638,293.2396405614187,0.7722046804365724
59000,12668.189659037835,285.8070536528461,0.7778410539032644
59500,12674.29827915894,285.5446421553636,0.7730674815968855
60000,12538.658812875236,291.11991774551717,0.7805468266781236
60500,12575.384438123963,285.45993662652324,0.7603741896773311
61000,12860.925696071303,284.0597254775575,0.7662846852950879
61500,12814.188805051845,288.358314562236,0.7633577795423763
62000,12881.28770942128,287.6531205203175,0.7654334084012724
62500,12842.364382323733,288.3924698116941,0.7673362636737415
63000,12986.055050457286,285.5073084732737,0.764999651890941
63500,12953.944922836532,286.94728422525725,0.7612444490770589
64000,12646.379913643286,282.857579960407,0.7684380090511964
64500,12600.8645404628,286.9388164319997,0.7703306065815175
65000,12880.421825234282,283.43131923349415,0.7636131459353453
65500,12672.013386566055,289.0699474918465,0.7723275609752523
66000,12604.05588543868,285.09270552376245,0.7771659859420162
66500,12869.162681470172,284.5106880380989,0.7658472198226539
67000,12693.388673092557,287.9076949465461,0.7706663383462729
67500,12502.068102633042,281.62943627645916,0.7690186219335986
68000,12677.66359361721,283.1168476752614,0.7623909934952274
68500,12601.92958805992,285.75889120598293,0.7606146954233719
69000,12730.378057033462,288.2270872726228,0.7524208319324959
69500,12797.292015551291,282.65820538876534,0.7547740777390971
70000,12791.90506097827,287.4922079961816,0.7633670589091598
70500,12901.100701157835,288.83824289246974,0.7629331752040485
71000,13203.992277553549,286.8849862291116,0.7621873453159637
71500,13409.794848897305,287.50926541395285,0.7618690299738868
72000,12875.822414788832,286.0825260597226,0.770829782168862
72500,12900.07617613129,284.9260311064768,0.775694708534859
73000,12774.541798933722,288.1423650303507,0.769306321854638
73500,12647.805349309587,282.2634245658711,0.7672110475678108
74000,13061.834272789636,282.9272856340021,0.7702270927523107
74500,12748.418098924321,281.994105553724,0.7675964318321093
75000,12530.734528183539,278.6482650596936,0.7699668649976845
75500,12576.3771377733,275.5340240841075,0.7740177563514664
76000,12583.297025721135,285.7345068500352,0.7724221651614295
76500,12756.81525076479,282.5106938749157,0.7708331325500152
77000,12898.356462773037,279.28024566523334,0.7714777823354544
77500,12559.68023395303,283.05720650195633,0.7777654745088904
78000,12517.243631161806,285.3528463716808,0.7688608718698475
78500,12318.865092880145,287.09263747563887,0.7717336148402133
79000,12427.530983229011,282.7974712676202,0.7785668469157043
79500,12751.57269552393,287.1520369831624,0.7725373911667157
80000,12826.479592211177,280.19657585428916,0.7685049087447985
80500,12941.609456995811,282.8622899143393,0.7638740116804121
81000,12514.036828626835,294.2162237275389,0.7772557785420531
81500,12837.298556696904,286.5471519079375,0.7668343246027661
82000,12788.457305142183,281.9087929243181,0.7707092420650133
82500,12648.488050776326,284.94144929634035,0.7721318138611402
83000,12761.767016447131,286.5214674430426,0.7777549817894761
83500,12788.159868881296,290.335967649957,0.7692217340569438
84000,12946.582223763427,286.21862201047986,0.7752720884403688
84500,12880.136724975171,287.9297790578602,0.7714269234334427
85000,12906.345998524697,289.8049516817042,0.7623634832223865
85500,12863.344678983094,288.10724122773627,0.7673481395687377
86000,13222.800990297661,285.2628836067356,0.7709363974953333
86500,12938.53270311242,288.0127758161882,0.7783941306237006
87000,12839.216090448208,285.766411503551,0.7744218296842066
87500,12746.143398367421,282.85442805341813,0.7782501554727704
88000,12452.185688014375,286.6548119976889,0.7806741179878239
88500,12948.486973484763,281.8313345003496,0.7736301167041666
89000,12946.752520599332,285.14985649613374,0.7689641732172331
89500,12655.13526609238,285.6453305246595,0.7737220559941191
90000,12512.27477296226,289.2477586246559,0.7858135221611677
90500,12627.632454701354,283.185022625208,0.7803966307193154
91000,12362.751595194626,280.311865222522,0.7860879285707558
91500,12499.990069668442,279.1878777447286,0.7720586601370543
92000,12442.39328826169,284.3894865873464,0.7762827476972254
92500,12932.801298954906,284.2827961251153,0.7687755008785736
93000,12814.062108174603,286.5631413813449,0.7760088845897968
93500,12649.958488063363,283.3066206176208,0.7762568899944738
94000,12497.370425325564,288.01571400180325,0.7822010780594068
94500,12499.411978251374,285.2317696538157,0.7841983406114448
95000,12531.654736011713,285.7394126798329,0.7830497295493616
95500,12202.289238061738,290.4578971544839,0.7873789155380465
96000,12468.100242553974,283.01886870519786,0.7943329271627483
96500,12445.511300869886,283.7358148131934,0.7887631893012749
97000,12301.70981923753,286.11434817604766,0.7906204957343044
97500,12449.998071577062,286.12157007248794,0.7899196150863407
98000,12507.022792259826,285.173449778742,0.7805457230338491
98500,12715.316388907315,284.1717867905532,0.7793756064502391
99000,12486.471622541561,287.7246767423952,0.7745627371804985
99500,12645.077760583368,283.3785739287344,0.7727271347714594
100000,12195.404715250328,285.94003948345807,0.7771757573800809
100500,12229.425015012208,286.67482447110694,0.7799906473857746
101000,12350.32681884741,286.961611074373,0.7817880585573469
101500,12562.515360510186,288.00076909309456,0.7759513282318052
102000,12471.384543216307,288.4620278396035,0.7725075226512892
102500,12354.153954345558,287.3999264665261,0.7851578253795366
103000,12366.390765731005,286.8820854786888,0.7677620722917117
103500,12138.066913902876,283.1563876953965,0.7820653129869701
104000,12401.036605829704,277.58030339124224,0.7871151288949586
104500,12251.319334702512,282.4366475914763,0.7783515933104544
105000,12434.007315916551,283.1653831773085,0.7791540247362497
105500,12423.54907074516,283.7626526407536,0.7803020101266801
106000,12624.929950937802,285.2038241780329,0.7764448905072725
106500,12800.853155522153,282.2373533246302,0.7752087510704861
107000,12533.67325121469,285.2360522406912,0.7807830005549811
107500,12487.751597966162,287.8375404774001,0.781438646360753
108000,12520.855666213482,288.0299226503111,0.7808285553881709
108500,12418.1814412133,280.87873908457044,0.7705314175970716
109000,12870.023016413586,283.17769231845085,0.7697702962701194
109500,12552.49689537059,282.7197310983338,0.7737522900970265
110000,12951.118887396009,283.0782370675688,0.7688405252132594
110500,12700.918031164532,282.5360235484121,0.7707225321383087
111000,12556.437752125385,282.34519270124616,0.7710924328942349
111500,12745.751231304152,281.9762006538435,0.7768480405518408
112000,12590.666703154486,290.6563433494801,0.7693571528277916
112500,12847.285594516517,288.78908958118,0.7745103343052042
113000,12470.028554466233,297.0783617264625,0.7798217425400382
113500,13033.84619934457,287.4687853578825,0.7612997322135822
114000,12918.643995830414,290.88732634159624,0.7669417052613259
114500,13086.208141274677,284.90735177974125,0.77585194241113
115000,12658.897923931829,286.8690735898366,0.780155083181395
115500,12732.216914198965,289.7697673565053,0.7761048295034212
116000,12818.516861528411,283.26091170729285,0.779218360254597
116500,12568.59079623525,284.80728151996897,0.7774326002544607
117000,12904.494483029108,279.77691422695995,0.7683933982977595
117500,12536.7640440656,291.0696887802519,0.776362092614769
118000,12946.779402671124,285.1695222649292,0.769734031100044
118500,12779.909425914308,286.40807247061116,0.7680553809960629
119000,12742.776071773496,283.32286469796827,0.770667409830844
119500,12515.503074457298,291.00813075156395,0.7651460222941245
120000,12969.3314749179,288.0092558073639,0.7615130650989363
120500,12705.221950031495,283.9921917589356,0.7642751221645915
121000,12268.840165341091,289.3488010637127,0.7716109428102699
121500,12687.944392530342,293.0192026981897,0.7732268285718228
122000,12738.454548533617,291.1941937060942,0.7704689410839436
122500,13028.80046354987,289.5563072017758,0.7686907101170433
123000,13117.169701368814,289.64361261956617,0.7643091036522143
123500,12932.08765338701,292.5941730141248,0.7637649112628528
124000,12888.290290484678,291.7282990559614,0.7580576392351958
124500,12600.047660704287,291.9124369535264,0.760770384377164
125000,12728.707738952637,282.9894849374842,0.7663071877043139
125500,12672.626611850346,285.7381664207181,0.7695975121492151
126000,12607.280703774091,284.70198799080083,0.7729224187406503
126500,12487.7910043003,280.9738571252693,0.7764484872112339
127000,12536.334123780525,279.26327185255104,0.7732100664849398
127500,12473.222388421833,282.4225793317486,0.7758592193368397
128000,12980.313221450375,282.69696339515866,0.7701585313961159
128500,12641.332962961977,290.3912539804682,0.7701534387748612
129000,12680.19150148324,284.8428784016922,0.7795611544054771
129500,12843.820185832865,281.77415520884097,0.7740926019323566
130000,13000.42479839603,279.34373267190864,0.7724973492224505
130500,13040.78770168953,280.49946946824883,0.7751354371176319
131000,12508.1072697518,285.50539615760334,0.773847201627327
131500,12590.051461901829,285.302750495036,0.7718620549421179
132000,12811.07621938548,286.14671450321896,0.7711000421132443
132500,12553.974994641578,285.46601690625096,0.7694400719535915
133000,12685.86435219083,286.2918414912198,0.7728027989257605
133500,12542.345749958386,291.23967387847773,0.7645637414218416
134000,12824.776063538437,293.8854235874548,0.7731939963395179
134500,12381.681113563704,292.05699085046297,0.7724480537381686
135000,12761.673340049527,278.9164234092325,0.7663572117129063
135500,12519.793723415945,283.92297817365284,0.7766312560605352
136000,12211.529668809108,283.4088992168686,0.778739293786187
136500,12508.24768692676,287.88405041959146,0.7782812578857372
137000,12400.0552130305,283.1370908669552,0.7769477615931898
137500,12539.132531527417,286.73798206509315,0.7786044311214899
138000,12420.495840967922,283.01389137585096,0.7855477915776564
138500,12638.796085387488,284.13935046078956,0.7852176261732802
139000,12476.661585679707,290.8414496471301,0.7835307666510392
139500,12659.709118099461,288.25973771937714,0.7783520427968157
140000,12842.028929958033,285.90383527809684,0.7787293188686728
140500,12834.313479776018,285.72808913912485,0.7810888453132023
141000,12531.731828499254,290.14462032535744,0.7859002560640658
141500,12536.341343764965,282.9818511034393,0.780101997279347
142000,12589.937467316857,287.75474314379807,0.7821089305503459
142500,12875.282126188587,285.1003807164252,0.7820059777426088
143000,12530.017737508428,289.0868039269312,0.7717909994018896
143500,12530.084103233941,285.18858427180123,0.7796609553738123
144000,12559.265601314251,286.1469970573159,0.7755395786802023
144500,12487.735076805448,280.2161721632938,0.7728328425427885
145000,12515.389275661702,283.15582638508437,0.7754501088670757
145500,12596.7641596937,287.95030467365956,0.7673592606060025
146000,12764.075225552653,286.89372564890294,0.7663500959251627
146500,12933.084751770748,286.39904749675765,0.7755585568608234
147000,12972.029777277083,283.69107718354473,0.7754012147419332
147500,12840.768604516532,289.23127939796876,0.7737733645002003
148000,12547.970904497211,286.9873185637848,0.7794508569114657
148500,12459.160619945214,288.25327530567006,0.7796767792121039
149000,12507.943972091454,285.14346913491295,0.7914317387467703
149500,12634.206557550024,282.25103668422315,0.7763493841420465
150000,12530.159076113467,286.8390999248428,0.7796648399615003
150500,12371.213596986721,286.3882275849207,0.7872456976200309
151000,12230.837558892175,290.35390690850033,0.7710726430264911
151500,12312.787486878085,281.1517119815235,0.776715165234102
152000,12416.356870208147,283.1380527834138,0.7743328416124545
152500,12426.652667007871,281.5376880980902,0.7752350786927471
153000,12573.10464248432,284.829800688583,0.7776979514158424
153500,12582.173002543894,281.77806710848586,0.7719406054598641
154000,12488.735913921953,279.85084426447975,0.7733853923173389
154500,12523.469974938158,283.26349029311814,0.7727176613783948
155000,12203.938142294059,287.9654057464773,0.7891192794952647
155500,12792.318356967164,284.40273567136114,0.7763185717119624
156000,12925.418354490168,278.2787037342461,0.7710826566594864
156500,12494.759863165807,289.95388174310676,0.7752163222023601
157000,12660.457686951435,294.15517137152,0.7685742254790262
157500,12873.763239532538,290.8250589518513,0.7740441641147653
158000,13064.364936485137,282.15485776532364,0.7698078348665319
158500,12759.88064051428,285.86919906845253,0.7647779005953793
159000,12328.684108551104,290.32695259205735,0.7745900772745958
159500,12670.899001227024,294.0568874237521,0.7853543480480873
160000,12477.451707744938,288.5219092849179,0.7801169003032229
160500,12495.37094088307,279.0544557277146,0.77795040147053
161000,12355.608616714331,287.93542567861044,0.7844101411017242
161500,12471.105422644512,288.49414193900424,0.7843082024919927
162000,12563.46990874342,283.831601224684,0.7730545002390048
162500,12441.99181614376,282.3386383196586,0.7731401070951137
163000,12261.667175636352,283.2052369338763,0.7684973154885889
163500,12498.768674521913,282.262858413854,0.7665678882409726
164000,12418.01818228636,282.03241370405874,0.780506770579621
164500,12232.523967660647,280.75029861901186,0.7759916443642834
165000,12214.091798449288,281.3522911303976,0.7780324402426321
165500,12234.981472998334,284.7544061439503,0.7802402046665972
166000,12786.35917290365,285.0907943044752,0.7729365088903344
166500,12594.060807323694,288.5253871109391,0.777729506608486
167000,12792.306848986262,283.4424630283637,0.7772352018960982
167500,12604.265493381166,291.31068543314365,0.7739971032430956
168000,12662.36263062233,286.38398548118806,0.7756625072131866
168500,12244.967218204694,289.2675325911353,0.7783263164876679
169000,12472.045618839069,281.5975694664374,0.7787693607835787
169500,12362.50364591235,283.9241774201026,0.7830932952988939
170000,12691.3609220875,289.0822587377282,0.7887382617712724
170500,12487.692305771314,289.660066692386,0.7772156961592133
171000,12400.377148948286,289.4522979399462,0.7704450278782398
171500,12410.862854042094,288.2918570558727,0.7729516029865624
172000,12542.144303730965,287.2876756806739,0.7800008448305016
172500,12741.918067965617,280.9464702961567,0.777217171134037
173000,12597.65758172577,286.928822758396,0.776835227309685
173500,12606.197191078008,289.15650814508797,0.7759258717154524
174000,12424.290727860636,292.3433548348948,0.7788917834677849
174500,12690.214383043574,288.20776764748206,0.7742091917346652
175000,12514.426749553857,290.0053705816442,0.7795461753306258
175500,12554.582760048763,287.2594179476661,0.7744652782767616
176000,12659.35816572858,283.89086585590616,0.7783224600268458
176500,12697.823830244643,284.17681962516264,0.774647421364676
177000,12771.175182575453,283.7864690413504,0.777953386945714
177500,12666.672459067231,283.13180994979774,0.7736103679528604
178000,12741.349788744821,284.91231075155895,0.7793819835466459
178500,12655.082119056331,286.9793781738655,0.7814513794494584
179000,12640.49789306802,289.0987981921382,0.7772024848615467
179500,12808.309372964304,287.91524603429866,0.7810742318451486
180000,12907.201123399285,280.89809119083355,0.7777670839087892
180500,12461.436405738485,284.1045147866132,0.779013336731996
181000,12634.557375261586,288.15874430596364,0.7805923954926117
181500,12611.807401571612,283.0195992457681,0.7778656826802309
182000,12436.992177858983,284.3435657403272,0.774356561453956
182500,12234.851831358812,287.6063467578461,0.7824854117820478
183000,12480.98221642508,287.09647970856474,0.7838345286612738
183500,12374.473078227868,286.410030091857,0.7759263759916782
184000,12532.531638460727,287.0284623372211,0.7718942247820152
184500,12831.185044994427,283.8902891600845,0.766985561158095
185000,12640.010185947613,282.55915292709443,0.7719151748765941
185500,12551.210406187893,283.7277367852408,0.767612990170071
186000,12442.520879842928,284.5943648121284,0.7776955983134503
186500,12570.008623679261,287.0757551215318,0.7764424293625959
187000,12498.704230024498,279.49784198143715,0.774439442948755
187500,12771.269481571171,276.74083785674776,0.7726298250560911
188000,12361.127569239072,283.75047655063537,0.7771134139715462
188500,12444.941499456138,282.77129214406847,0.7712350666409734
189000,12938.494445620954,282.2153765648725,0.7651469103581419
189500,12603.369525966309,283.9628712887136,0.7763354647157955
190000,12514.518071141463,286.220574248839,0.7687121880989995
190500,12503.199037604183,284.25718163168654,0.7730364657341037
191000,12366.986947149842,284.7580678478764,0.7710127933601851
191500,12756.09360831403,278.99883675257536,0.7696503299007829
192000,12414.474696549634,286.92498967898376,0.7665613463674213
192500,12862.922395367252,282.3228390821862,0.7680022814334733
193000,12333.9534324524,287.46083726063773,0.7782353758318648
193500,12262.544422676601,285.8439902825494,0.7758140271124329
194000,12258.324674874872,287.04270942608514,0.7783589261533057
194500,12931.921689948776,277.74959381415783,0.7758519588822171
195000,12826.773642258744,282.349756195086,0.771489514470161
195500,12482.088775210188,285.48824515600114,0.7703039486926672
196000,12448.649485179758,285.8854147166119,0.7626074828778335
196500,12734.71118430581,284.82596059777194,0.7600981912147068
197000,12767.113280393309,281.48425572788324,0.7628885840908373
197500,12791.712769762902,283.3676692410904,0.7754484632463681
198000,13104.070051755436,285.161529413913,0.7689993916649066
198500,12614.829019750407,289.8061004732197,0.7780321707121486
199000,12811.036273736267,283.29478197843264,0.765345427911628
199500,12530.970372988522,279.0228544857715,0.7692697052645395
200000,12503.973120623097,288.08343191927463,0.781724853959012
200500,12424.060500434089,288.3336801126481,0.774763350978903
201000,12575.708473156188,288.24519920423205,0.7615012304629135
201500,12227.347228172664,290.0619666410763,0.7800672910119929
202000,12695.720158842705,284.5382076118687,0.7661461487300509
202500,12695.16462332578,281.1777620772294,0.7744979642296934
203000,12824.466790681525,280.74387413023555,0.7742511727698875
203500,13076.115700931401,287.6417957560414,0.7666635120754289
204000,13023.737950618255,287.05030662789966,0.7623386857595725
204500,13126.325681985592,291.2019963331636,0.7695895257828923
205000,13134.288715892679,288.31383459493156,0.7667923687856714
205500,12767.267557070372,289.3470215387164,0.767697055206955
206000,12948.563793601868,285.8822645549214,0.7632724902567692
206500,12843.64743872386,285.12365371182835,0.7683091615518457
207000,12595.796100450412,281.84000334445005,0.7659753194380752
207500,12575.748564870342,288.4990740562362,0.7714471611425655
208000,12688.12661112114,287.1655207617712,0.7674705900312809
208500,12773.926758183352,287.53983405554,0.7762796117701748
209000,12881.475888144496,289.6005533662764,0.7726359123101977
209500,13078.055482172997,282.2881077961968,0.7649273406825481
210000,12871.24308609483,290.26008601317926,0.7636454493917416
210500,12553.617644987278,293.63616014823475,0.7639363743200333
211000,12816.060219510013,283.97630708518597,0.7526380970365601
211500,12777.289735463883,286.7814575448817,0.7717540426018646
212000,12763.297714400262,283.5562818637482,0.7686848557537418
212500,12578.382303527676,288.43352062941403,0.7677362211643275
213000,12540.074952055456,282.8384327883159,0.7748218747629878
213500,12868.327543469943,281.79717615636895,0.7648480197638865
214000,12578.915664587808,286.0727309997948,0.7664166823947178
214500,12721.985996530022,288.7062608384189,0.7679555508922545
215000,12777.54496028676,283.1676400750106,0.777288649894113
215500,12753.870064308323,288.7026863996148,0.7711498300679291
216000,12656.139038454425,285.4084098848143,0.7771555595474307
216500,12781.177856956836,283.37400834217334,0.7742364981670821
217000,12560.80989137129,287.93177446524527,0.7690351572975729
217500,12387.43542359803,288.16473083614187,0.7749888145079513
218000,12388.04474121458,289.6492722975766,0.7754767690638841
218500,12676.620768301058,285.01259490309695,0.7644204279435185
219000,13089.808694157697,283.7237859808049,0.7649023166145716
219500,12685.952390320084,292.6969797078589,0.762764417736677
220000,12969.99410445442,283.98007900512107,0.7479316117244088
220500,13475.23062775097,280.9863790002759,0.7522413782405221
221000,13136.74748741824,293.792735680999,0.7544455240521972
221500,13195.036967376715,294.8241093009484,0.7582358022273379
222000,12699.77845834307,294.69594734088946,0.7641595455245357
222500,12551.889880566367,293.4779565430818,0.7644752679906275
223000,12478.23258818353,286.39808161590986,0.7729283617002971
223500,12238.837428202833,288.5372633074387,0.7693015377250825
224000,12610.67299773133,287.1065263621316,0.7703433482882349
224500,13193.890980199409,285.36274164041504,0.7695646810623927
225000,12977.01843558987,289.15520206636876,0.7688498868372652
225500,12870.159646257838,288.00625596074354,0.7749224401294422
226000,12780.735182558576,288.73652707400083,0.7694855265530469
226500,12677.78161895318,284.1329727063634,0.7734970073524774
227000,12584.752241874914,284.3763833755587,0.7607281333786009
227500,12625.997732314403,280.28361929050044,0.7730205206651419
228000,12400.918819074544,286.51745456813944,0.7656493004821369
228500,12578.688207361523,286.31143105086136,0.7782826974968717
229000,12323.14007021573,289.8571347054924,0.7723609257038443
229500,12516.384987624246,287.5895890114572,0.7767925272576736
230000,12891.600699873345,287.98207368774774,0.7670172564861625
230500,12856.738884647024,285.8078520230581,0.759571100817583
231000,12936.003823163868,281.96320738865757,0.7634006049406759
231500,12786.771860728957,287.93891283149634,0.7715424808723537
232000,12772.050506283598,288.1116108573548,0.7613266442820394
232500,12592.778258950393,287.1303239204835,0.7744957784826788
233000,12596.695532022506,289.5389067761551,0.7622422018132675
233500,12495.912191483923,286.7933708411562,0.7701724561202089
234000,12579.884597386828,287.9106198103826,0.7807710673516584
234500,12518.098744927604,288.7442213425292,0.7824867308690494
235000,12479.018117959098,287.57397983567085,0.7692419884451601
235500,12603.480491410399,284.68242859689565,0.7698277885479438
236000,12622.323257872154,289.3766551740799,0.77207720902559
236500,12662.665498981632,288.527260883835,0.7749062672049614
237000,12581.647761537719,287.47499352759473,0.7778112080420255
237500,12973.224985216739,281.1899010824124,0.7713511943540149
238000,12607.909477644862,283.0450056312423,0.7811943566328564
238500,12363.006871345402,290.0559845803315,0.7819515757885798
239000,12651.462167249978,284.93652715621795,0.7788557993577717
239500,12289.962868081242,288.7741751987384,0.7818144023777691
240000,12195.989936472848,286.4626844930364,0.7846254262336602
240500,12780.513037677221,285.4649663774635,0.775586359246114
241000,12892.67049782988,283.89899147401286,0.7729382170144818
241500,12415.24806620042,287.81337572118883,0.7792166416839325
242000,12735.7807399612,282.02444032353264,0.7754210128080455
242500,12665.08376287332,283.9496634395781,0.778584566379565
243000,12711.795302271552,283.318818966175,0.7740430767030967
243500,12671.184152891663,284.69467714368204,0.7828128667773724
244000,12334.727902967079,288.4893203036225,0.7900584270640197
244500,12659.319168608188,286.17466156318744,0.784600164376308
245000,12590.33011286101,287.26636355487153,0.7913879308672861
245500,12571.1450254637,283.56869166451514,0.7755124555240397
246000,12445.21727049831,281.4311185490245,0.7678652647115651
246500,12707.805113304734,283.7248972275442,0.7759821114265147
247000,12674.514034639295,285.69521151908623,0.7759845307702437
247500,12731.863804338709,286.3777067977826,0.7707435457536167
248000,13032.52073718075,283.352286608251,0.7610096984310993
248500,12794.63743612712,285.87477250455504,0.7684270399593742
249000,12647.909094435629,280.3937801695522,0.7748420096295147
249500,12450.999385868648,283.86598301870555,0.7763793687608819
250000,12551.414777802926,280.2929553551617,0.7755121266625055
250500,12770.818754170454,288.4893885016117,0.7720176881492907
251000,12702.601199640409,289.63104892782525,0.7723590711183664
251500,12756.395763480967,286.1677467543964,0.7723208395255092
252000,12890.689508634929,283.8722750222203,0.778569444130313
252500,12210.661617044414,287.2960262390416,0.7844752357180451
253000,12658.910988346175,285.09434247616184,0.7787460766331025
253500,12568.548849577339,286.7572578890653,0.7855533310870051
254000,12420.587228245568,292.4115965108232,0.7826566475879331
254500,12504.460654040024,285.02904934335845,0.763042469241043
255000,12444.731133924324,291.5510688866833,0.7755242180826718
255500,12727.662934985527,288.903311543785,0.7699122564451049
256000,12928.410762319483,290.2615999388698,0.7711277534483415
256500,12898.21816871135,290.2723375940643,0.7622556502792066
257000,13016.401624586491,293.22274925355964,0.7758536018211218
257500,12957.708942395902,293.2612061769966,0.7809296434634627
258000,12716.903586059878,290.59316589157487,0.7685583276041613
258500,12854.866937306022,286.1806055289602,0.7675388523242377
259000,12551.97017926225,286.8923491428497,0.7715519951663
259500,12303.102405804484,291.1030802006947,0.7792987129709971
260000,12878.504603835358,289.24127340829625,0.7658566127693999
260500,12726.593164443517,292.879362214954,0.7764885870807783
261000,12928.79390765391,289.41878620221826,0.7693643948325465
261500,12628.860256968463,284.75363523471015,0.7756959055246376
262000,12805.825608744704,280.7418275386276,0.7811073576605266
262500,12614.882347110964,288.24002164374883,0.7682883299391708
263000,12448.497147944745,286.38973788584667,0.7730705456698803
263500,12541.66069090927,285.5102058242334,0.7726910639178151
264000,12661.36766452418,284.1294026283161,0.7767342880730087
264500,12837.906877456471,282.99030805890345,0.7668876688490363
265000,12626.819662520666,287.03142906739794,0.7646277273511604
265500,12985.395724065522,284.9116893756074,0.7619945269131881
266000,12923.944081186,285.3621095514305,0.7636926449596143
266500,13175.036224813082,285.7303717775641,0.7562127965184245
267000,12836.56961808882,288.6359624174589,0.7510131368645235
267500,12958.813250740217,284.69960125354356,0.7604273430976879
268000,12807.972627425701,286.43990984057984,0.7572872456358912
268500,13020.289877792191,282.432401017876,0.7548492291703802
269000,12610.063439340393,287.9261957481569,0.7684608083324738
269500,12652.915790821622,285.3327150135115,0.75988119790622
270000,13050.305468523826,285.68130719424215,0.7552972151918557
270500,12945.289547406102,285.84562587375603,0.7630836292288777
271000,12543.13273021025,290.5147212462126,0.7573056978776186
271500,12819.875478626924,283.2947667965013,0.7622789534028095
272000,13009.985815311906,281.75942884922256,0.7652778603526106
272500,13173.546889525825,284.5141713595463,0.7689057234446984
273000,12823.158094514243,285.3190320092069,0.7684040763715817
273500,13324.791487454748,286.0061809473913,0.7587722513771554
274000,12921.597622849236,290.09715918779943,0.7653767554354346
274500,13047.970987948236,286.43205916450876,0.7583947581090044
275000,12974.446597612168,286.81880841437095,0.7502416513701068
275500,13107.605557953875,284.1004503577944,0.763461391981739
276000,12875.568178942522,286.13078534614743,0.7717711015981683
276500,12886.19984710628,288.4511716579423,0.7680014985682634
277000,13028.996284730712,288.1303177085438,0.7633524654894946
277500,12797.53055756474,285.5907406105476,0.7626515853888509
278000,12739.03927571803,287.3369506623328,0.772246815218235
278500,12998.281436197234,286.3822795823378,0.7641791373340944
279000,12945.501470960957,285.1469717454726,0.7686029758065264
279500,12888.029411412805,281.89417599072044,0.7640506414865961
280000,12660.999638247693,284.95254895563846,0.76748643552986
280500,12617.891058317626,286.67944890958336,0.7766698577693828
281000,12818.5160727281,278.43369157169326,0.7689786566762509
281500,12518.613258270341,285.97962534190833,0.7733735752232184
282000,12274.39919149942,283.9915040292571,0.7748199693091326
282500,12446.574511965171,285.5336531277417,0.7721039603228288
283000,12855.654396285583,283.85956736715826,0.7627376553959225
283500,12667.946346067352,287.33611955444974,0.7691958318936227
284000,12989.94817526973,284.4837807033505,0.7671841486372126
284500,12971.123636759927,289.1603107397319,0.7560353437837576
285000,12948.94780226959,289.9620830301878,0.767159983817984
285500,13067.745268486677,284.22331361018286,0.7735485363368424
286000,13131.587373915227,287.3374027633521,0.7650562027285643
286500,13075.653272271273,286.178181336904,0.7656029902212185
287000,12473.41975813574,293.4165501353393,0.7664370653080006
287500,12630.715580993148,286.8300468322261,0.7717869419043176
288000,12403.870281500356,290.97161215116,0.7669557779006653
288500,12494.945191160356,290.08830274581646,0.77557667773109
289000,12826.815507165533,288.9190103748684,0.7737704995182969
289500,12838.170683320908,283.3977417861484,0.7755125001080709
290000,12775.878458725589,279.6198818587704,0.7750653166119054
290500,12554.279322009563,282.8568425299041,0.7780606267280062
291000,12531.52352722629,287.8234686662489,0.7803661581023357
291500,12840.265431806993,285.2875369011373,0.7818312776294536
292000,12548.924390785134,289.0320132018663,0.7879223811287522
292500,12949.378313510872,284.4683667368309,0.7805234295806787
293000,12373.986463258781,286.4132507238181,0.7753717747925725
293500,12732.010438475152,286.4600913018945,0.7706676230061377
294000,12771.878874441387,289.05903276538845,0.7765886447106599
294500,12454.486451238032,289.725613808197,0.7830547501989343
295000,12562.919623918602,289.4378021552021,0.7821984504348567
295500,12525.611852582984,290.07632082192913,0.7816585933629387
296000,12533.870094290545,287.28965002409035,0.7770494743882272
296500,12353.980125083934,288.12110874057066,0.7749007807171505
297000,12733.940292443403,290.36806717688336,0.772023175651091
297500,12929.93259795215,286.8761045504446,0.7730577620004724
298000,12795.918181343575,288.3364577616069,0.772394775928986
298500,12592.647172214618,288.9503496522079,0.7734554597901102
299000,12650.177716927288,286.7452920801659,0.776957177866458
299500,12878.631026154777,286.11339169893597,0.7728299197970617
300000,12874.515020841318,283.6367249784902,0.7631516174529122
300500,12632.915140612,285.900003677884,0.759473378495039
301000,12566.381777479564,285.84393992496916,0.7728799185579358
301500,12555.138482788974,282.582322358511,0.7790946713349791
302000,12150.920624041342,285.5206133702637,0.7822987713888223
302500,12375.792281367478,279.7090860593675,0.779889844108782
303000,12011.752147815234,282.8054485279541,0.7807089783498764
303500,12593.605411677388,279.5033927807918,0.7846730717738095
304000,12299.918213641547,281.45194331261126,0.778629144073236
304500,12350.894543859253,288.5988087022079,0.7720170540349617
305000,12565.756979391941,281.35618861579337,0.7794378088198083
305500,12421.74654515395,283.5195823711823,0.7828715775170098
306000,12460.288230148966,286.6220651167196,0.7783862765177268
306500,12549.423200778583,285.9425730766139,0.7788128904130177
307000,12469.749652890969,289.71967382654896,0.7840660051322894
307500,12325.271136483969,285.9357201066591,0.7798850722996806
308000,12483.869768310407,282.26377329054236,0.7804618551382088
308500,12604.44050862778,278.73581261875387,0.7762038976813301
309000,12552.218349914743,278.444411440849,0.7781127523055681
309500,12541.748600885338,285.39888088162934,0.7856713356568844
310000,12373.6202287194,285.7325941815675,0.772081515103822
310500,12667.15914265501,288.0186499241268,0.7714767556021562
311000,12665.533788794597,287.1637822499553,0.761991801330544
311500,12875.320917828634,279.7284206171564,0.7650783996083378
312000,12448.992155135074,284.3300764019552,0.7706624651483036
312500,12458.158483511048,283.48056795081766,0.7714841897411128
313000,12421.504953187778,284.54260501274706,0.7729873742013453
313500,12502.954821488156,283.42929662275867,0.7746752074428792
314000,12522.248580405412,284.5830700130326,0.7683070022845226
314500,12474.247391588346,282.5545902052704,0.782520264711491
315000,12361.541220181256,288.1703816722796,0.7754894393974103
315500,12480.589666434635,286.4400474228033,0.7736205032803712
316000,12476.923314708238,290.3549837006019,0.7784282105362832
316500,12752.151672007727,286.04336903125426,0.7745527099459174
317000,12860.829250305127,291.7542049636844,0.7786990304927633
317500,12768.525817779739,287.5468835259694,0.7765482284120088
318000,12435.881271866674,287.2957189260068,0.7839298355341637
318500,12237.649588580403,282.83695500171683,0.7861143733166374
319000,12269.316246155413,288.1209803533063,0.7854532322788516
319500,12432.062840025159,287.63403215494077,0.7804959367803056
320000,12354.710678705309,283.606346784951,0.7868564245951793
320500,12525.713379220984,288.17285265577704,0.7873820023325551
321000,12752.77543878793,284.49924344422527,0.7703387004047373
321500,12604.480632189687,279.54134595075226,0.7766209333009783
322000,11998.858086033424,288.83203021365415,0.7819156840582678
322500,12649.398693313644,280.1769186491608,0.7678434239777953
323000,12228.937901674766,282.17084906155173,0.785103668731641
323500,12194.784290017713,281.00262636235385,0.777236227626415
324000,12407.155366280846,282.8756548458899,0.7759927728280458
324500,12547.085193423989,280.19951299279376,0.7677673640610191
325000,12447.059449169796,280.08933164018146,0.7782239778059952
325500,12456.788715609959,288.3622403049257,0.775911952397103
326000,12401.071527289721,287.2026545067162,0.7756070941514616
326500,12655.348755489125,282.0419445262632,0.7703108208386723
327000,12286.032010131377,293.7512045949819,0.7773484213993535
327500,12495.600344858514,284.49517818841906,0.78099137523117
328000,12382.58419968522,283.6659149610665,0.7859349259448777
328500,12319.559799377264,280.1981823727912,0.7756238670449621
329000,12742.263233087366,273.738163693937,0.7686652843015098
329500,12568.210479292247,281.88063634673296,0.7710708915348657
330000,12554.267109625083,280.1757725632221,0.7736589755773848
330500,12560.944737460819,285.1747460344157,0.7697259647249768
331000,12191.781318173971,284.0966390138746,0.7738721793553894
331500,12190.639885120685,280.38312658441725,0.7769567940452621
332000,12581.82153073879,278.8041576771071,0.7751843798836574
332500,13088.349282790057,277.3605054885644,0.7751638679112177
333000,12452.776990110313,289.98678371032383,0.7727429333531025
333500,12602.863380943421,290.7013845515695,0.7708956377200675
334000,12698.370129297437,280.6498639104362,0.7668534432988651
334500,12399.101977572129,284.31186657160623,0.7583505989668057
335000,12673.000345248423,283.18213631711126,0.7625454504135102
335500,12517.628978640878,289.1320814437995,0.7664227427237796
336000,12580.852657092411,287.77630923091795,0.7631890207993889
336500,12322.892495270047,284.6794533123067,0.7669643137758987
337000,12444.259413752792,289.28869670055644,0.7659445682080793
337500,12735.34910534372,285.32414990209645,0.754709441739375
338000,12705.48848594182,293.68970363909625,0.7642352167295268
338500,12798.811990979199,288.77292644845,0.7697163447342901
339000,12812.677409497282,288.89255581887767,0.7710055477704986
339500,12433.89161409952,285.93432324682544,0.768501703002296
340000,12697.89837197179,283.02178371285567,0.7742843993303393
340500,12418.670781903016,279.5950525936281,0.7740899851551342
341000,12379.847223624387,288.7180207220787,0.773865381198443
341500,12845.110987922679,280.5199723215501,0.7694403337659186
342000,12755.400336114655,286.52864661190597,0.7693283549660526
342500,12566.712481220538,282.6571091817134,0.7787325131508814
343000,12706.996518277392,284.107601215184,0.7736712724688655
343500,12601.28529325442,281.3175354213767,0.7685197135220306
344000,12247.19841716229,282.0410003606572,0.7706216477693579
344500,12518.094694126776,288.52564357341794,0.7722632278587974
345000,12762.10004338877,283.0595726736144,0.7695687326331278
345500,12539.283545571294,287.4552472889363,0.7751406663728303
346000,13334.316889425687,286.3960703551002,0.7673969201621142
346500,13109.304614837278,290.89739346467996,0.7687146376399582
347000,12666.507523147267,287.7296095747929,0.7701740559508459
347500,12738.864117808607,293.9357075513747,0.7703619533006345
348000,12487.751151644452,286.6624545968728,0.7694458422943508
348500,12199.64023852066,288.16345572324536,0.7706641717063049
349000,12371.645015441158,288.55601482517307,0.7691884337677907
349500,12415.440272695789,283.93829661020743,0.7723644263396617
350000,12675.930787215282,281.6722585668687,0.7688185156168724
350500,12359.10522214118,281.7711844100228,0.7781393963938087
351000,12735.479604549082,285.8614846424217,0.764263479489137
351500,12974.49914223151,278.5317693660729,0.7725346317636137
352000,12603.465115786063,286.3793064006321,0.7677442355478153
352500,12529.925352351718,286.1831561748406,0.7700604569558066
353000,12877.621284923101,283.8515215501563,0.7698319378487332
353500,12915.261371211534,285.3470116678527,0.7684530089365721
354000,12679.3053786232,287.11010766363256,0.7701884873062184
354500,12943.93313573366,283.58638777280333,0.7695944787644086
355000,12623.50189149372,289.4610110413808,0.7778688372438088
355500,12589.68621368214,285.53437429603844,0.7710878841192828
356000,12617.874450149175,286.7931904420554,0.7862262539313274
356500,12403.144004957529,288.7855933497659,0.7839899345463965
357000,12683.975642859546,284.7669992050729,0.7787252916042096
357500,12245.463082751745,287.19370350584114,0.7941268064971568
358000,12591.59903151452,285.381290957211,0.7811265232015809
358500,12678.417625298745,286.0156879058692,0.7817046674542688
359000,12616.784539840392,287.0618398051044,0.7799781232399129
359500,12416.085642323025,284.5797094670364,0.7803379755209231
360000,12293.50701467293,283.22236476280136,0.7738609535053381
360500,12318.852372179626,286.1655948243837,0.7796726236789399
361000,12542.778321404201,286.24013101667043,0.7796754285756052
361500,12610.819499977122,285.0812812383779,0.7655312971763323
362000,12779.18923011372,284.6308545378781,0.7754692227570615
362500,12679.249576746399,287.0052122183416,0.7794826651790081
363000,12841.66582933569,289.7523613668492,0.7752182636752684
363500,12561.650048903555,286.7074760782529,0.7791880529933758
364000,12442.550612349987,282.40670295034147,0.7807832704834188
364500,12659.989977239215,283.57603111889244,0.7640221197908904
365000,12263.389215880248,287.0508624299722,0.7726607682131931
365500,12588.644327059767,289.4904515390123,0.7748213712069757
366000,12801.35566883539,281.1975153339258,0.7714350916677349
366500,12305.733198632955,287.82577032378265,0.7786692329488689
367000,12937.446017498683,284.411738951611,0.772709499573158
367500,12476.42978010414,285.23332808777286,0.7688576275745761
368000,12461.42516640738,287.9229002693715,0.7738406117138903
368500,12517.643221686061,289.2125945817878,0.7736551053561583
369000,13025.147353275057,284.6886948247765,0.7768705049298844
369500,12722.33393444217,288.62401628134853,0.770442513298476
370000,12466.432928774491,286.98650218437075,0.772761644932177
370500,12562.296229781768,288.16546078786445,0.7775941448862882
371000,12794.162017160015,287.798904580527,0.775301822910978
371500,12961.85361014149,288.65347494844605,0.7736164652334292
372000,12977.725812865738,285.7980801192448,0.7639258507476187
372500,12869.903849501796,284.40020621803933,0.7687487967899931
373000,12822.109658050884,284.82707988012686,0.7642561428286
373500,12429.239386396961,289.7177807034717,0.7678956238696761
374000,12937.457062844118,286.20078252583085,0.7600204003012838
374500,12820.529043468505,287.18459417048734,0.7683027090699259
375000,12917.5884812398,283.38817935389966,0.7622083786410432
375500,12581.733027206212,294.73840488597926,0.7742578711601606
376000,12944.362345403357,285.5666921185921,0.7628019354767119
376500,12747.562484536365,290.5209757892075,0.769744392466167
377000,12826.764648188082,287.35377164746774,0.7646726156961973
377500,12830.202772123088,291.9109987512362,0.7758101613711369
378000,12938.621179625716,292.99582113763967,0.7710423392144388
378500,12699.337473485739,290.02041202215275,0.7743123376390613
379000,12795.274398596144,286.1281069434083,0.7658593205609674
379500,12729.443871323663,288.20762994415156,0.7661740712456003
380000,12807.048883504702,284.58819028861296,0.7723612254002775
380500,12859.769445786122,287.7540135291286,0.7736235461964359
381000,12814.292037109688,289.2663052587025,0.7738472886573303
381500,12870.028655987693,289.2690459905929,0.7630668528365236
382000,12503.327476607028,294.26459038093634,0.7667052191512175
382500,12757.19722256842,281.64707416680676,0.7711783755068884
383000,12302.286401782078,281.9451770879495,0.7755883821993911
383500,12303.78039136292,276.33269370975796,0.7724295219235415
384000,12590.108499822883,278.9768933705927,0.7744087267854353
384500,12406.74799683774,278.9406462412405,0.7774358125265927
385000,12366.097284146179,284.0623106150928,0.7780681360679726
385500,12661.541161099512,280.24226038414605,0.7723777349912436
386000,12440.217570160752,289.51178909765605,0.7761398892437177
386500,12624.322288076411,281.65013041708033,0.7817491072278584
387000,12376.39682238496,279.80985380758,0.7807565860907112
387500,12505.169722250603,280.73738500874776,0.7726741989294883
388000,12197.466278904069,285.34701898541397,0.7805507939766126
388500,12438.605972896123,281.097173654323,0.7883635175999817
389000,12562.185055444845,282.35095039135814,0.777247768945233
389500,12908.34741385828,286.5617505313793,0.7719270435078256
390000,12464.283586671934,287.16038881893877,0.7739163180519298
390500,12638.396003286842,287.25584587863057,0.7741826730637713
391000,12317.69964535191,291.14218265516456,0.777502584079461
391500,12525.783466639725,287.51541347073277,0.7814898269019753
392000,12621.131107294395,287.9357040198075,0.7725903963991342
392500,12916.714359334486,279.8112826830048,0.7637208470186354
393000,12783.823411231719,280.99547514229084,0.7633140499337204
393500,12717.347326092418,293.449680503133,0.7702370681173994
394000,12979.002125362818,285.99304682359275,0.7608618239389865
394500,12990.93400542473,284.63822061207816,0.7593035709872222
395000,12734.759745271294,285.49041839324036,0.7589036468684625
395500,12815.863342782006,282.3307949907815,0.7523834860996631
396000,12927.19743125653,284.6971765568307,0.7661879918603395
396500,12658.22209330587,289.5868694757567,0.7707625824042952
397000,12490.830362966148,290.74044488042455,0.7755457438845718
397500,12612.16469487552,289.90134376226547,0.7641565994466841
398000,12778.206649500235,291.77184823367566,0.7679142662143642
398500,12798.366785392409,288.6661994085446,0.7628911175285085
399000,12833.784188999793,288.04729200076184,0.7677703973663188
399500,12839.397943466656,283.8651230682728,0.7664200851545614
400000,12888.824331291802,285.5007522183456,0.7684959227544629
400500,13016.687232441478,285.27913082357446,0.7670316588827387
401000,13056.707670743153,293.6475974425476,0.776586040966645
401500,12798.168250696013,293.5112166471662,0.7721611930205161
402000,12943.636613272025,287.1176305570673,0.7688997341748135
402500,12787.369774713752,286.72446342287896,0.7830137190648645
403000,12883.076034079402,285.83543792887946,0.7711478504327008
403500,12497.636891239465,293.32621449444025,0.7798049027213351
404000,12441.034241374582,288.98306317521457,0.786620400930531
404500,12443.331342354173,286.54038630985235,0.7855915008704658
405000,12256.054847923562,287.306163007594,0.786846963539618
405500,12091.902215092361,286.6421629029235,0.7804734800845025
406000,12629.79544286305,278.1862991474353,0.7816861867741842
406500,12228.502292208463,284.49433249181124,0.7791039285254875
407000,12388.482343202566,283.13421856135926,0.779392756068236
407500,12562.740627998974,282.74488622072624,0.7825572888231697
408000,12803.357295528702,286.76184828126446,0.773945785171807
408500,12724.03983166352,289.9450212338499,0.7714597286449506
409000,12435.19134772017,287.49327545471635,0.7750543663017562
409500,12327.79459285707,282.0608544375092,0.7860339906703411
410000,12285.642453327579,287.7134683945176,0.7864823297877217
410500,12505.301862939708,287.75999730648465,0.7781759409894208
411000,12604.658450432114,283.6910788728046,0.7732916096614135
411500,12539.977397417624,286.83434335358936,0.7815969952072923
412000,12668.015130938256,283.6454016838061,0.780561022427646
412500,12817.756194180925,286.20181246261524,0.7729614159056986
413000,12716.755271790818,282.03162319835286,0.7690954281547905
413500,12630.652739912774,287.6144175071504,0.7664650489419488
414000,12640.871737309544,286.9140975862623,0.7746635887229734
414500,12541.563923467274,286.91457040589114,0.778150214325801
415000,12822.806296094665,284.7394930178134,0.7663433610974124
415500,13096.455233895538,288.1532692508533,0.7646240333769955
416000,12930.276283511,293.1149587584414,0.7681894070718268
416500,12847.449224385578,284.02455707360747,0.7686546784318943
417000,12899.796315998126,286.6539967665458,0.7732081265095324
417500,12676.164402272465,287.065723932747,0.7666947104364311
418000,12805.781967854322,289.84968690868635,0.7710112972527802
418500,12725.422666210368,277.5124458986035,0.7631171038957216
419000,12483.880971907856,282.49920853159125,0.7585484912744377
419500,13009.148575922121,283.2931861415756,0.763863732462493
420000,12672.369228764957,288.73965453330675,0.7627675130635786
420500,12695.929898334974,287.47699419579317,0.7623475732679005
421000,12597.620589951552,282.1431922017686,0.7657634565597763
421500,12470.445766393961,286.50159300779205,0.7778223904731745
422000,12718.602173082276,287.25899645228935,0.7689767907894918
422500,12872.296043146474,285.4775597749172,0.7616748023020474
423000,12716.513014714546,287.0140938359363,0.7677538898301488
423500,12728.204208230378,283.7665927545672,0.7665206224767481
424000,12515.311322094032,284.1085874485219,0.7763951346798056
424500,12403.689267384705,286.10412518836574,0.7765556539522787
425000,12902.721809129596,284.55518197623405,0.7715772163318892
425500,12719.18294277861,291.40662896459725,0.7800408502714445
426000,12861.839361785374,286.52811958929715,0.766577332865087
426500,13069.347931854893,283.5813049352139,0.7656736594075382
427000,12863.092790058097,285.8767776488631,0.7724389805869212
427500,12622.576614094249,283.4124143493419,0.7690139195539104
428000,12606.363311712152,288.2076790172835,0.760366842033305
428500,12961.268320754632,284.65168241491466,0.7621226816494144
429000,12949.31493556639,284.0819018870065,0.7671626080130298
429500,12671.379110099551,286.8646283993558,0.7712451511310355
430000,12769.554563556601,287.6567499480687,0.767501460217677
430500,12646.140542100688,288.5408122253348,0.7660479763563992
431000,12699.436574683743,285.47625648418233,0.7651969076647305
431500,12484.647839349484,293.28683856168726,0.7740070756812288
432000,12574.724912893644,289.4328876043053,0.7647174745974825
432500,12565.530048416042,283.57822507466955,0.7730074638164142
433000,12767.225500223714,280.9227481451986,0.7576212412174403
433500,12778.428050199442,288.09391886266314,0.7607697172556969
434000,12780.712409799537,287.91059502600683,0.7683576951965564
434500,12604.050721891876,283.9418047210246,0.7778874662286216
435000,12417.083976269918,284.1099784453203,0.7784520682507579
435500,12794.193315864493,281.4901366172483,0.7673046812608679
436000,12809.491332871174,284.2476263804598,0.7671669157142719
436500,12721.069316230863,281.49832340919505,0.7709780382328858
437000,12549.289703830298,286.08426680674995,0.7701555278891604
437500,13003.76115108098,284.0532202182653,0.7649733265315853
438000,12671.356951917183,287.48803928482226,0.760577807916971
438500,12875.144742669654,284.49027523933097,0.7675537212207957
439000,13049.556231758104,277.6522108113819,0.7622161368555277
439500,12772.406810422694,284.36694666782205,0.7707060302826944
440000,12912.943195034579,291.26146839099545,0.7581474403666475
440500,13015.761926288942,284.03546819198175,0.7546840716759772
441000,13085.04279412649,287.6601197710888,0.7574161543698961
441500,12815.420657269107,287.14147784766607,0.7566815357084921
442000,12783.924815520048,288.5582846192084,0.7617383410683715
442500,13087.512709227552,284.4647769940046,0.7618669160962235
443000,12612.76823317874,290.02259649748106,0.7683947691506908
443500,12668.277102734997,291.43217005900385,0.7757954697047403
444000,13068.5667960662,285.1740598345519,0.7694293319563927
444500,12829.867507887968,287.0799566670402,0.7607857353205151
445000,12854.811111796864,288.4819635101675,0.7656813586922017
445500,12906.777818952614,284.95628828168117,0.7574996366262917
446000,12965.558699205716,289.97824904313865,0.7572535394679644
446500,12901.568250687735,289.7514818449721,0.7631513763154573
447000,12852.430831824817,287.26618161350484,0.7623102264017578
447500,13001.387117309012,282.797460039141,0.7698459329857922
448000,12558.144569482061,286.93319201087456,0.7623566899625626
448500,12713.325777753915,290.9503815889675,0.765992042920845
449000,12899.633548395737,291.2422510145989,0.762190657196629
449500,12743.121054031462,281.9330034117425,0.7745155441172508
450000,12548.07249058585,287.73015903066266,0.766227995836259
450500,12760.661166762407,287.8243193578169,0.7640044688441626
451000,12824.736254864249,287.1539433211509,0.7719871305888462
451500,12617.682910512109,293.5250676648291,0.7706150965420346
452000,12706.157744765216,290.96443420577936,0.774331679892378
452500,12633.394005175413,282.3441604810139,0.770754732511584
453000,12540.043505236608,285.4379288856743,0.7630230510297183
453500,12195.531478162911,292.78638196932576,0.7818201524537268
454000,12539.148316939492,289.8627117468627,0.7697678234194029
454500,12685.44037669183,290.33430186452716,0.7674238039933375
455000,12696.148826060255,284.65807737222207,0.7785086617608464
455500,12630.227849039004,286.56552732844386,0.7765541565844308
456000,12587.632073662422,285.7083144256184,0.7680767076640502
456500,12609.382040013703,285.89043899100596,0.7848355566673187
457000,12554.91301783504,286.07712007076293,0.7839142451920628
457500,12625.671881018918,283.116305119428,0.7892267977128462
458000,12262.340313827017,283.0543228297069,0.7769088760235647
458500,12275.262567880445,282.24802455263466,0.7813556448921696
459000,12302.861617077557,285.9468719699983,0.7897992095805565
459500,12147.774418176952,287.0965414590324,0.7933159744756562
460000,12208.296164428826,279.20850518132727,0.7866140269817208
460500,12462.037953547615,279.2983720750731,0.7877042474262224
461000,12108.813971883874,287.5448249420735,0.7907185714091395
461500,12361.507530234358,286.4233182688549,0.7820775597218921
462000,12408.316757779321,283.0677713258643,0.790927371362924
462500,12441.598484006741,278.75706336954124,0.7816607643670684
463000,12397.906335679134,281.57815906661074,0.7793281758194118
463500,12375.958038220177,287.58235582767014,0.7763176958341124
464000,12263.357039129682,287.654855976622,0.7740993577773964
464500,12539.213753484899,284.251122763036,0.7825090368502055
465000,12711.641204762464,281.35501765537526,0.7756796338177327
465500,12117.189183490256,289.4003371146398,0.7801846968668726
466000,12343.011456334696,285.8242423221438,0.7712398681140643
466500,12373.140464325537,286.64447503378176,0.7754555392685092
467000,12237.719410611702,285.62963488150507,0.77287101767954
467500,12536.077998001781,277.4585196759782,0.7795410518278973
468000,12237.003550658954,283.07976732038213,0.7701970938826226
468500,12301.438767578478,281.797564134663,0.7680270415358327
469000,12467.382228245147,283.77390369178266,0.7751415119878532
469500,12788.883438710442,283.7953021734476,0.7760814057984055
470000,12459.151028861572,284.2907505770373,0.7709978471108216
470500,12371.824489570754,284.7764428912711,0.7721654551075923
471000,12655.099385561702,284.35703182047445,0.7799039657387631
471500,12632.218549058609,292.88610431467794,0.775753476764137
472000,12616.860956996301,289.23407329561746,0.7734357071601315
472500,12834.69006202374,288.9513130889161,0.7699140873513474
473000,12525.659863944747,294.0002750359176,0.7741378342644165
473500,12715.526903951804,290.32833032262363,0.772736621812262
474000,12869.764354109835,292.3023293129315,0.7696647294722193
474500,12616.076016485496,288.3986331459684,0.7759810643429221
475000,12458.895349065171,288.8140942055134,0.7784606006596557
475500,12560.590026084432,294.20726052487356,0.7805983588612474
476000,12688.209128979996,290.3445868840097,0.7767574375724823
476500,12828.98525404388,287.5549739152415,0.7740699235849361
477000,12736.010131230429,285.63818858347526,0.7748019418973746
477500,12656.683072086766,287.7071389220775,0.7694766987939767
478000,12703.808022990135,285.51187262773647,0.7745166639531733
478500,12781.775645461918,284.22913347761016,0.7584352162347653
479000,12370.787357506833,285.7001341579922,0.7718654182278621
479500,12552.750860916483,285.2683234799845,0.7806767031119005
480000,12347.224921152496,285.42234019795893,0.7756354551016518
480500,12798.319164293542,281.8383605920285,0.766694248468504
481000,12672.899786377046,283.472116432499,0.7644052328433842
481500,12914.178927131787,282.7493742184844,0.7709832388212612
482000,12697.624963921242,285.63307447597384,0.7648246496344557
482500,13030.35446524668,283.2118809163293,0.7677583793636862
483000,12870.794109908798,283.5675026848781,0.7646847064812959
483500,12731.118235152215,289.23185479078495,0.7648348201153768
484000,12674.474915574343,284.669254102429,0.7724819124109524
484500,12816.190623873557,284.7283635015499,0.7710769078632512
485000,12698.346325754177,287.72749010109465,0.7696992215355597
485500,12623.348804587431,291.4298403457495,0.773228051859058
486000,12311.450286585306,284.41098055191156,0.7693672091523835
486500,12461.30625334142,282.92622248686376,0.7673858842145499
487000,12416.115704678881,284.5932420781436,0.7725274237478876
487500,12512.09950933746,282.9464075424411,0.7702155335268225
488000,12691.791319153002,281.8149755130314,0.767525818329916
488500,12936.012583927279,282.696630413136,0.7657120952443682
489000,12718.327933045553,281.8041960314386,0.7702620595193963
489500,12837.009857751083,282.7100444219238,0.7702886404791652
490000,12713.476452960156,283.5248851290903,0.7792905829750254
490500,12506.04872102077,284.76990164051955,0.7744240939590915
491000,12386.938387609809,287.76054412776153,0.7803427756199927
491500,12692.358994987406,284.66505336192364,0.7778013886016543
492000,12568.781741444991,285.4001679083208,0.7775147519757897
492500,12797.899407965253,284.781618917079,0.7799079532782368
493000,12582.852561848034,286.54152010912736,0.7863115390270339
493500,12544.637840716667,289.99745989027866,0.7757351348806178
494000,12476.211615578872,286.75976142493056,0.7755192741624071
494500,12536.381445397747,286.40991322569243,0.7843430487382667
495000,12699.622375786335,284.6749341138064,0.7822488629808626
495500,12638.320072597777,286.4904839574079,0.7687241612921091
496000,12582.671020199283,285.6664894442326,0.7692026260017071
496500,12674.643954787622,290.6486046726462,0.762336054946605
497000,12462.223315324707,283.57280261380663,0.7670943336858885
497500,12718.364361495009,282.921414873578,0.7717589594997862
498000,12740.256609772037,285.03488351956236,0.7712321645646057
498500,12498.735890108876,284.5734574078266,0.777778297603579
499000,12631.03660093361,286.4215548729574,0.7707880100430065
499500,12827.989880652813,287.74827627381154,0.7780805773571569
500000,12582.173303857802,287.59250917587224,0.7729047081470617
500500,12627.622561887056,282.50341868967814,0.7732763949170733
501000,12484.381749057866,290.6525779632431,0.7807068170983944
501500,12815.723512446632,286.36500907567614,0.768655272408517
502000,12789.184255370106,287.5888121740414,0.7743541051278781
502500,12747.384531482801,287.1670827626223,0.7804235088925976
503000,12593.86967012341,284.06697200795776,0.7821525316745557
503500,12468.518586274404,289.79299156827346,0.7848405308840937
504000,12464.733753679699,285.1558742175401,0.7799388237477757
504500,12618.075135021245,284.71336014447684,0.7804274628052299
505000,12644.089479369191,291.07299124155134,0.7874670863658578
505500,13030.840699701996,287.0734064718248,0.7806261915732516
506000,12742.75198170414,286.7782916191169,0.7764273385231638
506500,12603.17830741344,279.39265008631975,0.7792449287722267
507000,12178.251621237974,284.7312851189183,0.7895446878370408
507500,12156.503977146223,281.2667676177316,0.7910530261476101
508000,12291.646286264366,282.8071637083586,0.7905623995292163
508500,12191.911480489665,284.113025928183,0.7841089788156141
509000,12362.508365627564,282.58875117630106,0.7783357119625107
509500,12319.288758653234,285.62320618152296,0.7843055733756403
510000,12348.916275258487,286.70319027315895,0.7830453859983337
510500,12208.71381766067,280.6524895813357,0.789779879558584
511000,12149.53005314892,280.6507501419947,0.7854994679757542
511500,12280.706273255968,282.11580962502876,0.7798402280303232
512000,12814.35895337803,281.0081408582884,0.7816916347126527
512500,12469.204347494864,287.0465152337386,0.7893621936147373
513000,12472.036637688896,287.9266526296969,0.7847153172095936
513500,12577.356552536985,285.1749133330793,0.7805595904467925
514000,12658.089356015265,286.14346835381764,0.7745818641462494
514500,12831.783152156137,282.5991288214446,0.7665109670424455
515000,12445.735867396816,284.90837882604103,0.7750294848709262
515500,12453.041002233867,282.62385482080794,0.7819805821734097
516000,12392.517478267398,283.9105826982795,0.7830448857422668
516500,12554.728855550857,287.3369006890568,0.7746031549027415
517000,12695.99093058051,287.7786038764831,0.7728189751442831
517500,12845.26650076592,289.12461463515325,0.7777294366860275
518000,12790.437215172073,291.3353639400609,0.7644518953499768
518500,12658.634353561392,290.0504663216224,0.7783437007697701
519000,12357.044664804818,290.6936244714087,0.7861232937482824
519500,12592.277060033373,290.5450710597441,0.7890828909108726
520000,12989.695757240897,286.20825876841616,0.7762322720126758
520500,12760.270209418573,287.43115451033157,0.7798515873177961
521000,12460.744586893306,288.7221340733012,0.7833224235373683
521500,12284.501266723735,287.1125632837886,0.7884881314947428
522000,12334.179930781149,288.01565091936095,0.774217621378177
522500,12612.514813634369,287.7136071666727,0.7741605887596454
523000,12554.463565380494,283.3347049884707,0.7744156477797948
523500,12711.906428838058,287.1287645760898,0.7802612003458799
524000,12599.772355771063,284.616337259213,0.7829470143827516
524500,12489.764996831385,288.2822047230734,0.7815717284594167
525000,12457.461655053074,286.84573607839235,0.7849957818447643
525500,12266.707346831567,284.4038577544689,0.7837643696677269
526000,12928.351363567155,283.1533456478504,0.7758019667051779
526500,12870.355889237744,284.4880749280995,0.7745670107461529
527000,12480.374367231187,287.85554859314743,0.7790533166920726
527500,12629.731762978063,280.7628683253281,0.7726404821537095
528000,12737.096539155003,281.2880464768712,0.7794514411106945
528500,12615.228307256852,285.55060078366284,0.7704962900421388
529000,12680.671142705947,282.6077569193676,0.766218209387809
529500,12330.778323513074,286.48529124507405,0.7682752482361836
530000,12522.028391064498,281.8844503543377,0.7722010536957821
530500,12734.809399969905,283.2505424621477,0.7709963019846741
531000,12269.70145649726,283.2068318498406,0.7782407952650247
531500,12305.806167849922,282.48572026297506,0.782503074305002
532000,12439.153048561402,282.62527804421785,0.7736839436266603
532500,12214.039875052247,286.88210524274945,0.789069129349563
533000,12302.421213112193,280.9129379712725,0.7879146760140401
533500,11979.575371031524,289.1983077776536,0.7962106400283234
534000,12263.168523524202,279.43437679720887,0.7810292734072476
534500,12409.080500171676,283.21446079167544,0.7830924903576795
535000,12444.761227333882,286.97745695036946,0.7821643675421358
535500,12510.936299235887,282.26573478214107,0.782680278855233
536000,12291.958117814931,286.5447357949707,0.7819462559207903
536500,12628.970925901256,283.8103630345124,0.7950491710276811
537000,12789.64766992851,283.7209819766444,0.7825584238321515
537500,12825.28942109595,289.08888074011185,0.7752535473093537
538000,13161.25573417529,289.5761069683661,0.7707052249170981
538500,12992.338430450825,292.57373877052714,0.7755492632987896
539000,12662.664564827981,289.682719440444,0.7768233567900813
539500,12514.105910298185,278.4169808209643,0.789932756859982
540000,12412.065924785957,288.57356804873393,0.7868452098421127
540500,12674.579675164314,285.26504029503656,0.7725217702730248
541000,12958.247260058193,284.1642744382414,0.7705795018680321
541500,12679.698938814667,284.74735301602715,0.7731135961234092
542000,12641.711583301683,289.3469127357679,0.7793530435182268
542500,12722.63532981368,284.20225044426195,0.7752844437390969
543000,12475.747732277825,283.89502621316115,0.7880357244742537
543500,12571.717224674914,284.07286252113545,0.7850689808077806
544000,12346.079398783879,285.42314846871705,0.7796384850159211
544500,12537.423214645638,282.7416738995531,0.7775705099591581
545000,12347.934086866278,282.8017888095457,0.7742555217570491
545500,12673.41860307626,280.8337743520766,0.7845240504082747
546000,12612.026947213428,284.9084844048675,0.772648436416377
546500,12971.574079160357,282.73958990602665,0.7731173187366538
547000,12503.342331192132,288.99969330487244,0.7815769604557681
547500,13284.361262990922,283.6189358617144,0.7692575914084537
548000,12988.357203439597,288.7269652176085,0.779014274316029
548500,12363.917501983093,291.3061136581812,0.7746393937133528
549000,12907.770723231948,283.53476411539026,0.7809199467217857
549500,12660.025112072031,291.4374277400243,0.7780810258739215
550000,12710.421873404419,286.751709047319,0.772423223950844
550500,12878.26681260284,287.41090047755443,0.7772538731173353
551000,12736.736301152901,288.50829588464774,0.7689600065312605
551500,12845.018183325801,287.7678438542595,0.779220764197994
552000,12962.702260935332,285.68689000239493,0.7719080014038582
552500,12850.999497467716,285.4094794514816,0.769679102016199
553000,12439.178041004494,288.0152308252657,0.7729595184434643
553500,12932.648311681729,287.44583783132447,0.7764680064154302
554000,12598.078640823986,288.2319230636719,0.7800849359025336
554500,12491.517969756547,292.3128637316956,0.7850119706036206
555000,12260.207718288742,295.35303631060304,0.7796527443394459
555500,12922.241850009515,281.52222420467604,0.7744860133131914
556000,12505.138188508146,286.2178225329333,0.7738257883168939
556500,12540.089831944966,288.359466925073,0.7713531529079803
557000,12641.172232744497,284.47649847914437,0.7743299166628985
557500,12641.362152365644,282.434319430218,0.7749144285453607
558000,12791.018195307788,283.83597106527725,0.7767900478577154
558500,13068.901156615444,282.8659421274008,0.7643146658600665
559000,13145.010001653949,286.3031084933012,0.7675564474893061
559500,13032.046023121857,287.50384838804854,0.7756573908156704
560000,13071.955507296972,284.77660780580334,0.7710182644634512
560500,13027.670859736592,284.5697089626701,0.769723825988869
561000,12866.432720199897,284.1369811466962,0.7791637001462702
561500,12480.65338890981,288.71597568943923,0.7695349573983391
562000,12622.971963452173,285.2641324869392,0.777343860676186
562500,13005.101254979812,286.2965691326887,0.7720618156480554
563000,12902.468948442964,287.24259310905524,0.7841379340033
563500,12784.951036917733,290.27255808485506,0.7770760859019836
564000,13075.80453200602,285.00323258571336,0.7805506755222686
564500,12583.109871076449,289.56690476871324,0.779419194961129
565000,12598.794661344655,287.3103281343798,0.7786302566128116
565500,12524.073664125179,290.31339545719334,0.7776315209012615
566000,12688.031910066826,287.5254466222739,0.7784740790711968
566500,12830.115742842592,279.5419824099967,0.7733358458539505
567000,12625.320738155824,282.02937300508887,0.7768849779349403
567500,12388.541846959391,288.59620929546685,0.7831685360743975
568000,12557.17638629986,289.15113244645477,0.7766772696681428
568500,12835.658917725967,281.4566454655132,0.7698701658945271
569000,12519.354861146994,285.74572122104627,0.7802223041007889
569500,12774.15981003143,286.19254375449674,0.7809512754408061
570000,12918.866305996575,288.65921467356156,0.7706641143785832
570500,12769.12012923405,290.46784822338964,0.7719366715168782
571000,12759.387105502477,281.89885674374375,0.7689095642524305
571500,12490.952290726207,285.8616518529072,0.7599635583017466
572000,13032.130762795256,284.3543427656977,0.7689100552215163
572500,12668.325743017502,285.30660011394536,0.7665284273203562
573000,12690.522329643996,290.0854409941155,0.768132833879921
573500,12542.029663298961,287.54871867599195,0.7689850093474999
574000,12793.722734659164,287.39491168596015,0.7702846464838825
574500,12711.067777035496,281.07273640297626,0.7773655813261401
575000,12677.40627175761,286.5021022370153,0.7626518297577515
575500,12457.355135839323,286.195098499768,0.778049277458327
576000,12810.352072106205,282.99994830469495,0.7704368363625792
576500,12771.189843080452,285.8824101193843,0.77289048306435
577000,12870.82067868907,287.4528860252468,0.7753942655785713
577500,12505.558492159143,287.2926807059916,0.7726921776700091
578000,12669.211288818304,285.5976550792936,0.7754907532438251
578500,12354.795535961828,287.34059550880056,0.776080346423112
579000,12129.249998698555,288.2324401589255,0.783650858564401
579500,12679.780856524947,283.4079145513329,0.7790937596616281
580000,12657.488041572458,284.61287726286105,0.7798891590023614
580500,12495.044114283115,288.91945965142367,0.7925924089211633
581000,12648.384016911457,287.80409035788364,0.7783694568184556
581500,12716.321326221645,281.7548274152553,0.7812463000854863
582000,12804.498422988616,282.3000855109059,0.7732360038021507
582500,12810.904444231881,284.78318386037336,0.7713828332550811
583000,12680.292266030734,285.6298752229107,0.7716266427363518
583500,12663.646675299875,284.73074342136704,0.7741332178171744
584000,12741.883590700312,286.5516676247288,0.7717920913341398
584500,12743.253666825414,289.7561103006153,0.7752850756066695
585000,12748.927631259445,287.18142103596944,0.7831907977538479
585500,12536.629959219797,286.89099152897404,0.7721473249018581
586000,12559.588963078773,289.86322015109323,0.7763731200639526
586500,12908.022459871005,285.78193343859846,0.7654936617974768
587000,12879.314308721303,280.63809112445233,0.7823870680884446
587500,12461.3525556434,285.00846390506786,0.7755433655004512
588000,12333.041557830045,283.2830961821771,0.7717243629420872
588500,12586.587743206226,284.59697597258224,0.7628828369396498
589000,12692.865548308295,281.8419079415794,0.7719724053732845
589500,12627.78309285514,284.53313536788033,0.7783828822101025
590000,12608.406039226586,283.90263219984877,0.7718127257889693
590500,12209.86420924722,286.9423222100277,0.7773869400832406
591000,12718.490567355122,285.62525670168213,0.7774704038562056
591500,12614.076543857725,284.9494475083442,0.7740442023548246
592000,12346.153446076556,285.78240230562545,0.7768458393583166
592500,12649.808998160826,278.41957950479724,0.773589442945985
593000,12807.278264534309,285.39835514747364,0.7819204413173355
593500,12610.757656727823,286.22413299224985,0.7835693962865424
594000,12591.135987416408,284.1438998209987,0.782926426733819
594500,12610.853128461364,282.47401406841834,0.777432161467666
595000,12451.222121242974,284.285735924762,0.7774936631299948
595500,12358.522485091295,282.688471735469,0.7721116222032121
596000,12370.504595364937,287.41315349752256,0.7791077915304444
596500,12396.83817698381,288.9814952071269,0.7773081019687176
597000,12648.018487216606,282.855966537532,0.7759831264702126
597500,12891.380833584184,282.43067091945744,0.773892329428056
598000,12496.456609424675,283.40396297952424,0.7755308655688524
598500,12515.937141123522,283.82299264025085,0.7682615392052503
599000,12524.909384431654,283.41199658009725,0.7741100856329899
599500,12654.380932680857,281.554530752536,0.7632835491252126
600000,12491.325432414542,285.4761813304384,0.767523224979849
600500,12699.60990352108,284.96290460017093,0.7694727738068792
601000,12603.298571483152,292.0186619181957,0.7750658216094412
601500,12932.16336452438,286.6247372105667,0.7721667564770898
602000,13005.031069086783,288.32630823012414,0.7768482546578397
602500,12500.815009423568,291.05997049808,0.7773605504303784
603000,12383.58956587579,292.1701706036427,0.778848128144915
603500,12911.317985551641,287.09185266313244,0.771284015854622
604000,12632.339253059608,294.4405506697255,0.7760362814136923
604500,12519.319074582823,288.85854649562106,0.7827977580949486
605000,12415.528552491456,284.55893164059347,0.7712769829409646
605500,12683.873288016166,286.0701030312029,0.7732439525811005
606000,12507.787369352302,294.4358528180886,0.7752835512614741
606500,12626.050526924042,287.91247222604824,0.7651707316672139
607000,12986.345307012318,281.0552882321033,0.7561886053869559
607500,12801.251230753485,292.79811930632127,0.7571342975170917
608000,13218.841546572126,285.6275611557533,0.7629279237127163
608500,13025.575828949348,285.61393755919994,0.7638834272900107
609000,12727.441805403922,288.5079426473106,0.7634982400383094
609500,12943.200265257272,282.43750857141583,0.771452837754829
610000,12777.63335532967,284.17029989937106,0.7650238852486114
610500,12973.816976972777,287.2676109298433,0.7615905010188836
611000,12785.374841135676,292.4508121220108,0.7669772158160936
611500,12964.38961561329,282.9220917933634,0.7658333165531997
612000,12792.58400612853,280.3560244073435,0.7636439858019374
612500,12747.036476346082,292.05136839378576,0.7608810626747636
613000,12881.695962790414,287.7730772815519,0.7648358976158115
613500,12675.20658880133,293.0175305397896,0.7692708150548166
614000,12712.461263216894,288.10554454691896,0.7584642676465396
614500,12385.356991225603,287.1685988520285,0.7739000488104482
615000,12665.696077224164,287.8152097841805,0.7691707651613672
615500,12708.573846212446,283.94902630188847,0.7627351533188145
616000,12587.510232625053,289.8178633631395,0.7654060084082545
616500,12760.661633200329,283.08069935090487,0.7687048765004006
617000,12779.625712958179,290.34694344088405,0.7650383313870056
617500,12355.027303670719,292.3468895938744,0.7733151060391631
618000,12500.247668811284,287.60306351302006,0.7712833486014133
618500,12726.356250889647,292.4130885470372,0.7730468982916952
619000,12632.403199790195,286.2559056269892,0.7729221769835923
619500,12792.854945380894,283.57712735210805,0.7727716443928428
620000,12908.451605626196,289.54976288307023,0.775111602820613
620500,12836.326215835094,285.2673233429635,0.7723467097534183
621000,12581.081734095316,295.0720379746063,0.7846819837610536
621500,12997.144023063349,285.0380965384879,0.7707615278754054
622000,12760.600969751085,289.6483706200425,0.7662244411959683
622500,12386.77140423178,292.26077130011595,0.7621743192604765
623000,12864.090263261796,281.87039221888807,0.7667177105080032
623500,12803.043835240256,289.4657927036149,0.7633082077369892
624000,12891.645882236498,282.08807938873355,0.7717973029290994
624500,13132.444902723499,285.1673414620301,0.7637649776122492
625000,12986.725692721799,280.8779264454217,0.7638702237519616
625500,12603.000545477094,284.89050461049015,0.762781373527162
626000,12516.609989624932,285.23340067997145,0.7674884164644308
626500,12686.816076376641,286.5367773286279,0.7647168076321713
627000,12625.909485751448,286.9964499557802,0.7702672128426408
627500,12967.529689454546,288.52869220252865,0.7722358691748893
628000,12387.889562034137,292.0215384201041,0.7786424130790547
628500,12423.033005821531,284.1709246591353,0.7752858520083149
629000,12467.143457255615,288.12652825978824,0.7687347013691297
629500,12774.142952926228,280.62240102295067,0.7681859756761633
630000,12712.36403478517,286.9465067821376,0.7692937462473045
630500,12609.89670742593,283.258642323503,0.7737734579702861
631000,12565.981972299176,282.2577555929085,0.7677689063044368
631500,12576.58093932031,290.7119704235394,0.7672827965763233
632000,13038.327050962727,284.1467082601982,0.7764402038790293
632500,12316.933826035434,285.26253156572545,0.7753597625593913
633000,12650.890523172617,282.367272046987,0.7707475328894727
633500,12454.931338466591,286.4435137327577,0.7721270885732945
634000,12692.45250316741,285.2622993982644,0.7713852709439885
634500,12950.466063196767,283.18339412712686,0.7669940650462448
635000,12772.263509248474,289.47661721409565,0.7645172482039958
635500,12819.822213972193,287.3412703497978,0.7667246885738878
636000,13285.974942473713,284.53409888699855,0.7574866633501555
636500,13391.819888653048,280.81540559473905,0.7519889767754079
637000,12964.17250167555,290.34467726653867,0.7534576557217727
637500,13015.094447160045,287.5799988867718,0.7630914359586818
638000,12795.75625438,284.3222586246202,0.7561194963803579
638500,12663.131864905892,288.3072347540133,0.7864572726338843
639000,12805.51489107862,285.0251116068282,0.7727508436966568
639500,12598.57010431343,282.7892477973307,0.7716037102060791
640000,12544.868650894283,287.3704093657825,0.7753194802250051
640500,12620.5966130284,288.0015897346368,0.7668903654925667
641000,12339.43417880852,286.1570980499045,0.777147702375962
641500,12473.077486395801,284.4936934308705,0.7772514689387382
642000,12770.976468872905,284.4697771305145,0.7791004528586096
642500,13011.20747729583,285.25365525336696,0.7820242620287288
643000,12655.902973488093,288.92207730876027,0.7824672231714601
643500,12642.223416827208,285.3216110908919,0.7806397826192537
644000,12383.785183511623,286.84871895558473,0.7835566635229649
644500,12996.087969217377,285.07052916938744,0.776744774987769
645000,12751.972159266552,289.0270965164678,0.7714542159901323
645500,12899.439152432544,293.0367819115443,0.7738673886775137
646000,12437.081049435676,296.36760128143976,0.7796866440387814
646500,12347.798286347286,301.0956006413635,0.7756787987075883
647000,12580.808584477443,290.037077245983,0.778854571613392
647500,12736.475259140057,283.4897008133901,0.7744246640163488
648000,12429.09216997852,287.2495644743295,0.7786477454288896
648500,12839.88620277008,283.3039357181218,0.7797388347342158
649000,13080.050389664793,288.02768346846847,0.7658176025488183
649500,12583.51880813393,285.4444884369162,0.7749567822975243
650000,12464.61236019262,288.7476216852301,0.7801979706506046
650500,12595.001203546684,283.06957577311687,0.7740354373471977
651000,12388.573110145511,289.98577379480423,0.7759181081949488
651500,12657.856641058122,288.28634466424626,0.7785692835156259
652000,12671.303390827628,289.28274406291075,0.7778813189446162
652500,12495.42619142255,284.1633614205723,0.7662522540562606
653000,12844.068181704504,282.39053743337854,0.7651946271469414
653500,12733.644945995511,283.32390392470904,0.7699352935895541
654000,12621.940121829099,281.0082253612274,0.7685047530061675
654500,12503.35979732384,285.80184685283433,0.7739134761881978
655000,12605.187280600063,283.02985384813627,0.7747328001216802
655500,12709.75098688898,291.61506572691644,0.7662626193043434
656000,13007.319711331305,281.82251601261805,0.7692362929427927
656500,12841.606365828015,286.1686094151135,0.7738639531613849
657000,12455.036284281443,295.3956997865345,0.7845456888131173
657500,12635.08357262773,290.1656274436985,0.7774846977389936
658000,12602.829192875237,288.34625043329993,0.7744702230240867
658500,12563.844122213279,282.6944521676635,0.7666644729894894
659000,12818.144936126344,282.8989117915884,0.7791253065719462
659500,12770.048540206022,287.19515013956936,0.7725981691658282
660000,12935.194805319094,286.00315485782266,0.7778819542872056
660500,12685.886279680964,286.74949522722716,0.7752658959042473
661000,12880.268339773915,284.62101949097803,0.77456091321973
661500,12933.02898688567,287.41677607034853,0.7765052494602213
662000,12751.276128436213,280.2582854922289,0.7759168448365656
662500,12347.377620173089,286.9716936333947,0.7825780225127058
663000,12725.709871996885,283.90918395771007,0.7668310729476235
663500,12753.983903374068,285.78236607365204,0.7557362241592956
664000,12593.541713125305,284.6662132989562,0.7616894017632032
664500,12882.668340631575,284.00613762047107,0.7665371804415648
665000,12731.337013205035,288.4275299524909,0.772816780822168
665500,12861.746857872715,287.804777504784,0.7579410819275215
666000,12878.13907599821,283.3060490040118,0.7680741811562769
666500,12712.441979941725,286.444083345187,0.7694667349824258
667000,13177.906650985877,284.37394720039947,0.7586543657472631
667500,12996.122951846353,289.8032416553163,0.7663036945602134
668000,12728.791367361204,290.0796875551795,0.7627014685406188
668500,13055.335608385605,282.56085192886934,0.758078984983974
669000,12765.741474405226,288.0676170205432,0.7575321866162179
669500,12553.48742794632,286.63720768348384,0.766871873206964
670000,12794.651211035636,282.0926198840401,0.7599381871193729
670500,12525.92102595436,289.5758307100098,0.7628002410510859
671000,12657.043892794072,283.2791583722952,0.7666191760805234
671500,12746.628702127817,283.4631949758861,0.7636021130020256
672000,12897.970454269032,284.17324184925474,0.7664947070496383
672500,12817.121913841434,284.2368085149934,0.761481849096364
673000,12816.592553083141,286.26595628741524,0.7659906748347273
673500,12942.839190958151,291.2689361699949,0.7585020004265931
674000,12882.837004037363,287.89721439863604,0.7591593406365743
674500,12905.256725560102,288.8209086826354,0.761716457802585
675000,12915.769644979979,288.68909297206994,0.7556699274494268
675500,12923.30192886004,283.66906730473715,0.7616272826964277
676000,12705.615680364874,281.70475072115914,0.7682445481898748
676500,13119.05096784806,284.5474179838806,0.7640153230017577
677000,12899.043984688242,285.3274936745952,0.764644198872305
677500,13046.216925389152,288.6145818502476,0.771498339340351
678000,12792.791297587304,292.25144044777784,0.7745544507912508
678500,12864.718146904883,290.56421307106405,0.7674736450785089
679000,12880.509231056161,286.43860465800685,0.7712985753607652
679500,12483.470111526029,289.0653522745554,0.7711100568227242
680000,12405.375352572184,284.5076305792582,0.7712829184871471
680500,12721.32481287832,280.8320348487339,0.7756161104614906
681000,12544.142337128447,279.7630398636139,0.7737769065390283
681500,12765.22010921926,283.22546362181424,0.7756979929908164
682000,12548.363241008803,284.75575118246564,0.7802240589194297
682500,12853.338369616722,282.92032399479325,0.7762657630487166
683000,12527.780724873224,289.91037064444964,0.7756831989390004
683500,12715.206725520573,287.9671821990782,0.7758152096161732
684000,12904.998209083442,288.3999150325553,0.7698610940572812
684500,12896.343172652289,283.78190518510604,0.7701283660159643
685000,12707.299655855692,284.78083276324116,0.7763158778409642
685500,12856.623698042778,284.38868251563457,0.7683078743452967
686000,12601.584833744877,284.4035520589295,0.7727187340375907
686500,12459.774773614208,284.59207878939617,0.7796848896360655
687000,12919.512466069751,283.26645812180124,0.7731534645836802
687500,12705.20470693969,281.91760008906095,0.7716732045515526
688000,12270.41260741921,288.9231060692153,0.7766055205685067
688500,12670.89872493148,279.91681771372936,0.7676237776861438
689000,12542.658547088573,284.1490414378068,0.75916480957195
689500,12703.400323444062,278.02847584692876,0.7693144139792719
690000,12860.91779492479,282.8986619513453,0.7595507247261566
690500,12865.999715032383,289.22326517704215,0.76384721307287
691000,12711.601788974083,285.3705488921122,0.7669531726485643
691500,12408.149246681678,289.5757816099142,0.7741548712590159
692000,12540.747040041746,285.647845185666,0.7630544060296328
692500,12540.551522707625,284.8461719491879,0.7690024904560442
693000,12626.871199792173,282.77449942696154,0.7628593218019806
693500,12568.18666190945,285.5907967208422,0.7656170542710213
694000,12614.602686912966,285.6989533073982,0.7737228027214156
694500,12451.835518907039,290.96127958554086,0.7647117165442647
695000,12713.301669757293,289.50136415987157,0.7660214953781002
695500,12250.37675147156,288.24647805501985,0.7760265402014558
696000,12630.220861834892,286.0701884242944,0.7712054028575268
696500,12597.245439115675,290.56823236378574,0.7710639728342255
697000,12680.862722580123,285.48516782888373,0.7730910207898114
697500,12405.322014103258,288.57243172069525,0.7789379196064676
698000,12571.165397143604,285.9641288574256,0.7720099632726162
698500,12881.207418354312,285.0562738289518,0.7685707578492424
699000,12649.956182281814,282.13816616529033,0.7788125881661759
699500,12597.769178225142,290.68425978452984,0.7734010967283707
700000,12612.30821385849,290.1158281446897,0.7693259587364301
700500,12629.613429983692,288.7141941874576,0.7809169316083295
701000,12836.636161507464,283.82535390366957,0.7799921176407348
701500,12948.177359760337,287.97415829580865,0.7683897280595926
702000,12792.608449143492,289.0612258500005,0.7764831725139846
702500,12354.709999389792,289.11382775819504,0.7837893889177576
703000,12492.50310436995,285.23024556757815,0.7852575976596747
703500,12649.430107303257,280.3426556036847,0.7780815192185491
704000,12347.099602354934,281.80476877400724,0.7737632024985933
704500,12648.232192565853,285.7900443551871,0.7714823082964877
705000,12682.286216335135,281.3918732103067,0.7610660196069263
705500,12589.140405115419,286.1591194669224,0.7690321127918421
706000,12465.356341229666,287.8868637208169,0.7755872605596159
706500,12645.503501012088,282.54082242225434,0.7676538932379244
707000,12373.287666741442,284.99763694364447,0.7762571532732688
707500,12259.07233745179,291.9268244760658,0.7661690737193213
708000,13163.780059381355,281.34281701920605,0.7584807861919343
708500,12597.105189012607,288.43808301245645,0.7602443534145834
709000,12579.694478212099,288.2304580731375,0.766304095147658
709500,12504.10893869583,290.5297521753794,0.7666570858790662
710000,12528.597711996304,287.7702119852589,0.7632633220349754
710500,12812.165169993685,286.0167944217498,0.7690883018546802
711000,13076.658043076268,279.3284697098107,0.7597380418102232
711500,12796.271235210825,290.55360123894997,0.7646876570783692
712000,12754.65072657821,283.72934757185345,0.7755003065031637
712500,12616.934647695703,278.6745580094477,0.7689499117170562
713000,12537.208632426582,281.9904577778185,0.7657182608619305
713500,12815.311554242853,276.59057740372583,0.7733772019098202
714000,12587.159430316118,283.46211948865,0.7702530669214939
714500,12683.637487101674,291.10695602799683,0.750566308625567
715000,12960.810122834539,286.14155998173754,0.7533887555293483
715500,12883.402138794843,289.8225209014406,0.7602618376906377
716000,12692.59940050631,291.8669945054871,0.7644657721363936
716500,12609.292915742084,290.29230842826166,0.7671843438612946
717000,12887.234654200265,285.5532470539826,0.7617032067906371
717500,12901.251918201157,288.57993653926485,0.7620794576960587
718000,12978.942301945724,282.8273991824533,0.7708186353412492
718500,12495.010163878695,290.502106890142,0.7617658353731968
719000,12905.449756254486,289.48754862352547,0.7524372619555821
719500,13008.634718565803,276.1437516774649,0.7513747549424306
720000,12737.568695481936,284.2340284987222,0.7570047464106731
720500,12872.191636079118,282.02026379683787,0.7586086684318889
721000,12603.225454879781,282.47453518413363,0.7681292962801464
721500,12297.385582548677,284.2573821038473,0.7711133684171623
722000,12599.201761900475,284.5067389700363,0.771692990694406
722500,12548.091440250431,280.7171809631283,0.7767143523533242
723000,12575.236434266877,283.24618317835393,0.7789183693113114
723500,12855.282162322159,276.73361429602136,0.7630786003803102
724000,12425.858280690045,287.5689632769785,0.7657981324602485
724500,12690.188456960188,278.17807569296593,0.7666669764759203
725000,12716.76668706501,283.66311602707395,0.7701536030639894
725500,12682.406429913486,287.2725827569254,0.766621197186446
726000,12780.658414330968,292.35276865543955,0.7686415846274756
726500,12598.878788792666,292.98691838744776,0.7633891685783264
727000,12947.2222327661,289.0087992954388,0.7721227602641754
727500,13052.814120379022,292.9928346679597,0.7608255726853073
728000,12935.02816897821,287.1647940295193,0.7639331215652707
728500,12946.153379447187,281.38657612123745,0.7635893752846028
729000,12596.450392789659,289.2012454070922,0.7708596564190446
729500,13181.016717688315,285.6538028549788,0.767497084508242
730000,13187.75778261953,289.44529589958205,0.7713391735360027
730500,12960.300041703797,293.82947618268327,0.7627491604031437
731000,12888.533178095906,292.72317783331795,0.7682661060293914
731500,13113.822293978083,288.88360185977024,0.7696116565483739
732000,12796.426225068863,289.2552851605467,0.7765350766717494
732500,12865.393644400707,287.9562583126088,0.7711083947528455
733000,12798.728921453872,285.32391538047943,0.7574404752103102
733500,12737.855758323132,290.6557842671377,0.7595781481347358
734000,12746.065197329848,291.4354072596016,0.7666031879395957
734500,12997.831061707831,283.818248952795,0.7670261070250378
735000,12836.848823889357,283.33489298786446,0.7673625029469243
735500,12700.837956176074,286.52418965065783,0.7640960605563658
736000,13138.50432186656,282.065993224433,0.7543362658470255
736500,12698.917431882943,288.51039314754775,0.761381493194287
737000,12500.414488499695,285.567702380679,0.7753179447503158
737500,12448.94342477139,284.94034786403193,0.7708543261283575
738000,12802.514398704516,280.57986381460375,0.7595632962023479
738500,12729.028995524255,284.7224766354287,0.7671436202624405
739000,12876.003106848482,288.89793420849617,0.7712353672927696
739500,12805.4937368296,290.24135124836357,0.7681312134646855
740000,12754.775586434012,289.31454493450786,0.7678468696234115
740500,12738.28659330269,287.67205219153635,0.7728851292237483
741000,12440.058878497117,288.8505135519372,0.7664969183610162
741500,12824.48611147491,281.22828026476674,0.7615360900514357
742000,12990.70747041975,282.5130210188852,0.7560683463540959
742500,12898.836483386938,287.5425846716648,0.7630820497838737
743000,12953.033475279773,288.307231959429,0.7601649979990052
743500,12872.175223542523,292.6490564139076,0.7538749366862408
744000,13152.261126601668,283.4405224565004,0.7629378763306734
744500,13295.310722000664,282.5835959321898,0.7610799476177578
745000,12783.156154060893,286.0356733472756,0.759082728442677
745500,13184.057810834385,291.14810977550405,0.7507783580697607
746000,13152.251493298101,294.1814989349512,0.7554318282967699
746500,13112.53860209673,291.8193850343956,0.7565569527778218
747000,13033.57804862862,290.70244700412053,0.7540114551988942
747500,12726.830796130835,292.60216539186985,0.7565645021131225
748000,12761.08419988055,284.7719295623626,0.7637297089607641
748500,12785.390386720934,284.4100975271455,0.7637913842462474
749000,12664.738756585612,287.1788579418544,0.7690092363126979
749500,12566.778486920628,287.4810357313667,0.7578269590766646
750000,12673.804508158422,282.0858522337139,0.7644242800335697
